_id,date,title,content
5b98efbb28fe72bfc5050693, 2017-01-09,国务院关于印发“十三五”国家战略性新兴产业发展规划的通知,"
			  
	详见附件。
附件下载 附件：国务院关于印发“十三五”国家战略性新兴产业发展规划的通知
			   "
5b98efbb28fe72bfc5050694, 2017-01-09,科技部 财政部 国家发展改革委：印发《国家科技创新基地优化整合方案》的通知,"
			  
	国科发基〔2017〕250号

	 

	各省、自治区、直辖市及计划单列市科技厅（委、局）、财政厅（局）、发展改革委，新疆生产建设兵团科技局、财务局、发展改革委，国务院有关部委、直属机构，各有关单位：

	　　根据《关于深化中央财政科技计划（专项、基金等）管理改革的方案》（国发〔2014〕64号）有关工作部署，落实《国家创新驱动发展战略纲要》和《“十三五”国家科技创新规划》有关要求，科技部会同财政部、国家发展改革委制定了《国家科技创新基地优化整合方案》，现印发给你们，请认真贯彻执行。

	 

	科技部   财政部   国家发展改革委

	        2017年8月18日

	 
附件下载 《国家科技创新基地优化整合方案》
			   "
5b98efbb28fe72bfc5050695, 2017-01-09,科技部 发展改革委 财政部关于印发《国家重大科研基础设施和大型科研仪器开放共享管理办法》的通知 ,"
			  
	国科发基〔2017〕289号

	各省、自治区、直辖市及计划单列市科技厅（委、局）、财政厅（局），新疆生产建设兵团科技局、财务局，国务院有关部委、有关直属机构，有关单位：

	　　为落实《国务院关于国家重大科研基础设施和大型科研仪器向社会开放的意见》（国发〔2014〕70号），推动国家重大科研基础设施和大型科研仪器的开放共享，科技部、发展改革委、财政部三部门共同研究制定了《国家重大科研基础设施和大型科研仪器开放共享管理办法》。现印发你们，请遵照执行。

	 

	科 技 部  发展改革委  财 政 部

	2017年9月20日

	 
附件下载 《国家重大科研基础设施和大型科研仪器开放共享管理办法》
			   "
5b98efbb28fe72bfc5050696, 2017-01-09,科技部关于印发《国家高新技术产业开发区“十三五”发展规划》的通知 ,"
			  
	各省、自治区、直辖市及计划单列市科技厅（委、局），新疆生产建设兵团科技局，各有关单位：

	　　为进一步贯彻落实《国家创新驱动发展战略纲要》《国家中长期科学和技术发展规划纲要（2006-2020年）》和《“十三五”国家科技创新规划》，立足新的发展形势，充分发挥国家高新技术产业开发区(以下简称“国家高新区”)领先优势，促进国家高新区战略提升，实现引领型发展，科技部组织编制了《国家高新技术产业开发区“十三五”发展规划》，现印发给你们。请结合本地区实际，做好落实工作。

	 

	 科 技 部

	2017年4月14日
附件下载 《国家高新技术产业开发区“十三五”发展规划》
			   "
5b98efbb28fe72bfc5050697, 2017-01-09,科技部关于印发国家科技成果转移转化示范区建设指引的通知,"
			  
	国科发创〔2017〕304号

	各省、自治区、直辖市和计划单列市科技厅（委、局），新疆生产建设兵团科技局：

	　　为深入贯彻落实《国家技术转移体系建设方案》（国发〔2017〕44号）和《促进科技成果转移转化行动方案》（国办发〔2016〕28号），有序推进区域性科技成果转移转化示范工作，科技部制定了《国家科技成果转移转化示范区建设指引》。现印发你们，请结合本地实际认真贯彻落实。

	 

	科 技 部 

	2017年10月10日 

	 
附件下载 国家科技成果转移转化示范区建设指引
			   "
5b98efbb28fe72bfc5050698, 2017-01-09,关于印发《科技型中小企业评价工作指引(试行)的通知》,"
			  
	
附件下载 《科技型中小企业评价工作指引（试行）》
			   "
5b98efbb28fe72bfc5050699, 2017-01-09,国务院关于强化实施创新驱动发展战略进一步推进大众创业万众创新深入发展的意见,"
			  
	国发〔2017〕37号

	各省、自治区、直辖市人民政府，国务院各部委、各直属机构：

	　　创新是社会进步的灵魂，创业是推进经济社会发展、改善民生的重要途径，创新和创业相连一体、共生共存。近年来，大众创业、万众创新蓬勃兴起，催生了数量众多的市场新生力量，促进了观念更新、制度创新和生产经营管理方式的深刻变革，有效提高了创新效率、缩短了创新路径，已成为稳定和扩大就业的重要支撑、推动新旧动能转换和结构转型升级的重要力量，正在成为中国经济行稳致远的活力之源。为进一步系统性优化创新创业生态环境，强化政策供给，突破发展瓶颈，充分释放全社会创新创业潜能，在更大范围、更高层次、更深程度上推进大众创业、万众创新，现提出如下意见。

	　　一、大众创业、万众创新深入发展是实施创新驱动发展战略的重要载体

	　　深入推进供给侧结构性改革，全面实施创新驱动发展战略，加快新旧动能接续转换，着力振兴实体经济，必须坚持“融合、协同、共享”，推进大众创业、万众创新深入发展。要进一步优化创新创业的生态环境，着力推动“放管服”改革，构建包容创新的审慎监管机制，有效促进政府职能转变；进一步拓展创新创业的覆盖广度，着力推动创新创业群体更加多元，发挥大企业、科研院所和高等院校的领军作用，有效促进各类市场主体融通发展；进一步提升创新创业的科技内涵，着力激发专业技术人才、高技能人才等的创造潜能，强化基础研究和应用技术研究的有机衔接，加速科技成果向现实生产力转化，有效促进创新型创业蓬勃发展；进一步增强创新创业的发展实效，着力推进创新创业与实体经济发展深度融合，结合“互联网+”、“中国制造2025”和军民融合发展等重大举措，有效促进新技术、新业态、新模式加快发展和产业结构优化升级。

	　　——创新为本、高端引领。以科技创新为基础支撑，实现创新带动创业、创业促进创新的良性循环。坚持质量效率并重，引导创新创业多元化、特色化、专业化发展，推动产业迈向中高端。坚持创新创业与实体经济相结合，实现一二三产业相互渗透，推动军民融合深入发展，创造新供给、释放新需求，增强产业活力和核心竞争力。

	　　——改革先行、精准施策。以深化改革为核心动力，主动适应、把握、引领经济发展新常态，面向新趋势、新特征、新需求，主动作为，针对重点领域、典型区域、关键群体的特点精准发力，出实招、下实功、见实效。着力破除制约创新创业发展的体制机制障碍，促进生产、管理、分配和创新模式的深刻变革，继续深入推进“放管服”改革，积极探索包容审慎监管，为新动能的成长打开更大空间。

	　　——人才优先、主体联动。以人才支撑为第一要素，改革人才引进、激励、发展和评价机制，激发人才创造潜能，鼓励科技人员、中高等院校毕业生、留学回国人才、农民工、退役士兵等有梦想、有意愿、有能力的群体更多投身创新创业。加强科研机构、高校、企业、创客等主体协同，促进大中小微企业优势互补，推动城镇与农村创新创业同步发展，形成创新创业多元主体合力汇聚、活力迸发的良性格局。

	　　——市场主导、资源聚合。充分发挥市场配置资源的决定性作用，整合政府、企业、社会等多方资源，建设众创、众包、众扶、众筹支撑平台，健全创新创业服务体系，推动政策、技术、资本等各类要素向创新创业集聚，充分发挥社会资本作用，以市场化机制促进多元化供给与多样化需求更好对接，实现优化配置。

	　　——价值创造、共享发展。以价值创造为本质内涵，大力弘扬创新文化，厚植创业沃土，营造敢为人先、宽容失败的良好氛围，推动创新创业成为生活方式和人生追求。践行共享发展理念，实现人人参与、人人尽力、人人享有，使创新创业成果更多更公平地惠及全体人民，促进社会公平正义。

	　　二、加快科技成果转化

	　　重点突破科技成果转移转化的制度障碍，保护知识产权，活跃技术交易，提升创业服务能力，优化激励机制，共享创新资源，加速科技成果向现实生产力转化。

	　　（一）建立完善知识产权运用和快速协同保护体系，扩大知识产权快速授权、确权、维权覆盖面，加快推进快速保护由单一产业领域向多领域扩展。搭建集专利快速审查、快速确权、快速维权等于一体，审查确权、行政执法、维权援助、仲裁调解、司法衔接相联动的知识产权保护中心。探索建立海外知识产权维权援助机制。发挥国家知识产权运营公共服务平台枢纽作用，加快建设国家知识产权运营服务体系。（国家知识产权局牵头负责）

	　　（二）推动科技成果、专利等无形资产价值市场化，促进知识产权、基金、证券、保险等新型服务模式创新发展，依法发挥资产评估的功能作用，简化资产评估备案程序，实现协议定价和挂牌、拍卖定价。促进科技成果、专利在企业的推广应用。（国家知识产权局、财政部、科技部、中国科协等单位按职责分工负责）

	　　（三）探索在战略性新兴产业相关领域率先建立利用财政资金形成的科技成果限时转化制度。财政资金支持形成的科技成果，除涉及国防、国家安全、国家利益、重大社会公共利益外，在合理期限内未能转化的，可由国家依法强制许可实施转化。（科技部、财政部、国家发展改革委等部门按职责分工负责）

	　　（四）引导众创空间向专业化、精细化方向升级，支持龙头骨干企业、高校、科研院所围绕优势细分领域建设平台型众创空间。探索将创投孵化器等新型孵化器纳入科技企业孵化器管理服务体系，并享受相应扶持政策。（科技部牵头负责）

	　　（五）推动科研院所落实国家科技成果转化法律法规和政策，强化激励导向，提高科研院所成果转化效率。坚持试点先行，进一步扩大科研院所自主权，激发科研院所和科技人员创新创业积极性。（科技部、人力资源社会保障部等部门按职责分工负责）

	　　（六）促进仪器设备开放共享，探索仪器设备所有权和经营权分离机制，对于财政资金购置的仪器设备，探索引入专业服务机构进行社会化服务等多种方式。（科技部牵头负责）

	　　（七）实施科研院所创新创业共享行动，鼓励科研院所发挥自身优势，进一步提高科技成果转化能力和创新创业能力，进一步开放现有科研设施和资源，推动科技成果在全社会范围实现共享和转化。（国家发展改革委、中科院、科技部等单位按职责分工负责）

	　　三、拓展企业融资渠道

	　　不断完善金融财税政策，创新金融产品，扩大信贷支持，发展创业投资，优化投入方式，推动破解创新创业企业融资难题。

	　　（八）在有效防控风险的前提下，合理赋予大型银行县支行信贷业务权限。支持地方性法人银行在符合条件的情况下在基层区域增设小微支行、社区支行，提供普惠金融服务。支持商业银行改造小微企业信贷流程和信用评价模型，提高审批效率。（银监会牵头负责）

	　　（九）完善债权、股权等融资服务机制，为科技型中小企业提供覆盖全生命周期的投融资服务。稳妥推进投贷联动试点工作。推广专利权质押等知识产权融资模式，鼓励保险公司为科技型中小企业知识产权融资提供保证保险服务，对符合条件的由地方各级人民政府提供风险补偿或保费补贴。持续优化科技型中小企业直接融资机制，稳步扩大创新创业公司债券试点规模。支持政府性融资担保机构为科技型中小企业发债提供担保。鼓励地方各级人民政府建立政银担、政银保等不同类型的风险补偿机制。（银监会、人民银行、保监会、财政部、科技部、国家知识产权局、证监会等部门按职责分工负责）

	　　（十）改革财政资金、国有资本参与创业投资的投入、管理与退出标准和规则，建立完善与其特点相适应的绩效评价体系。依法依规豁免国有创业投资机构和国有创业投资引导基金国有股转持义务。（财政部、国务院国资委等部门按职责分工负责）

	　　（十一）适时推广创业投资企业和天使投资个人有关税收试点政策，引导社会资本参与创业投资。推动创业投资企业、创业投资管理企业及其从业人员在第三方征信机构完善信用记录，实现创业投资领域信用记录全覆盖。（财政部、税务总局、国家发展改革委等部门按职责分工负责）

	　　（十二）推动国家新兴产业创业投资引导基金、国家中小企业发展基金、国家科技成果转化引导基金设立一批创业投资子基金。引导和规范地方各级人民政府设立创业投资引导基金，建立完善对引导基金的运行监管机制、财政资金的绩效考核机制和基金管理机构的信用信息评价机制。（国家发展改革委、财政部、工业和信息化部等部门按职责分工负责）

	　　（十三）健全完善创新券、创业券的管理制度和运行机制，在全面创新改革试验区域探索建立创新券、创业券跨区域互通互认机制。（科技部、国家发展改革委等部门按职责分工负责）

	　　四、促进实体经济转型升级

	　　深入实施“互联网+”、“中国制造2025”、军民融合发展、新一代人工智能等重大举措，着力加强创新创业平台建设，培育新兴业态，发展分享经济，以新技术、新业态、新模式改造传统产业，增强核心竞争力，实现新兴产业与传统产业协同发展。

	　　（十四）加强基础研究，提升原始创新能力。改革和创新科研管理、投入和经费使用方式。高校和科研院所要鼓励科研人员与创业者开展合作和互动交流，建立集群思、汇众智、解难题的众创空间。面向企业和社会创新的难点，凝练和解决科学问题，举办各种形式的创新挑战赛，通过众包共议方式，提高创新效率和水平。（科技部、财政部等部门按职责分工负责）

	　　（十五）在战略性领域布局建设若干产业创新中心，整合利用现有创新资源形成充满活力的创新网络。依托企业、联合高校和科研院所，建设符合发展需求的制造业创新中心，开展关键共性重大技术研究和产业化应用示范。推动建立一批军民结合、产学研一体的科技协同创新平台。（国家发展改革委、工业和信息化部、科技部、教育部等部门按职责分工负责）

	　　（十六）实施企业创新创业协同行动。支持大型企业开放供应链资源和市场渠道，推动开展内部创新创业，带动产业链上下游发展，促进大中小微企业融通发展。（国家发展改革委、工业和信息化部、国务院国资委、全国工商联等单位按职责分工负责）

	　　（十七）鼓励大型企业全面推进“双创”工作，建设“双创”服务平台与网络，开展各类“双创”活动，推广各类大型企业“双创”典型经验，促进跨界融合和成果转化。（国家发展改革委、工业和信息化部、国务院国资委、全国工商联等单位按职责分工负责）

	　　（十八）促进分享经济发展，合理引导预期，创新监管模式，推动构建适应分享经济发展的包容审慎监管机制和社会多方协同治理机制，完善新就业形态、消费者权益、社会保障、信用体系建设、风险控制等方面的政策法规，研究完善适应分享经济特点的税收征管措施，研究建立平台企业履职尽责与依法获得责任豁免的联动机制。（国家发展改革委、人力资源社会保障部、人民银行、工商总局、税务总局、中央网信办等单位按职责分工负责）

	　　（十九）发布促进数字经济发展战略纲要，强化系统性设计，打破制约数字生产力发展的制度障碍，推进市场化的生产资料分享，提升市场配置资源效率，加速数字化转型，引领和适应数字经济发展。发起“一带一路”数字经济国际合作倡议，促进“一带一路”沿线国家数字经济交流与合作。（国家发展改革委、中央网信办等单位按职责分工负责）

	　　（二十）进一步完善新产业新业态新模式统计分类，充分利用大数据等现代信息技术手段，研究制定“双创”发展统计指标体系，科学、准确、及时反映经济结构优化升级的新进展。（国家统计局牵头负责）

	　　（二十一）加快研究制定工业互联网安全技术标准，建设工业互联网网络安全监测平台和中小企业网络安全公共服务平台，强化工业互联网安全保障支撑能力。（工业和信息化部牵头负责）

	　　（二十二）积极落实支持大众创业、万众创新的用地政策，加大新供用地保障力度，鼓励盘活利用现有用地，引导新产业集聚发展，完善新产业用地监管制度。（国土资源部牵头负责）

	　　（二十三）研究制定促进首台（套）重大技术装备示范应用的意见，建立健全首台（套）重大技术装备研发、检测评定、示范应用体系，完善财政、金融、保险等支持政策，明确相关招标采购要求，建立示范应用激励和保障机制，营造良好的政策和市场环境。（国家发展改革委牵头负责）

	　　（二十四）充分利用产业投资基金支持先进制造业发展。实施新一轮技术改造升级重大工程，支持关键领域和瓶颈环节技术改造。（国家发展改革委、工业和信息化部、财政部等部门按职责分工负责）

	　　五、完善人才流动激励机制

	　　充分激发人才创新创业活力，改革分配机制，引进国际高层次人才，促进人才合理流动，健全保障体系，加快形成规模宏大、结构合理、素质优良的创新创业人才队伍。

	　　（二十五）制定人才签证实施细则，明确外国人申请和取得人才签证的标准条件和办理程序；全面实施外国人来华工作许可制度，简化外国高层次人才办理工作许可证和居留证件的程序。开展外国高层次人才服务“一卡通”试点，建立安居保障、子女入学和医疗保健服务通道。进一步完善外国人才由工作居留向永久居留转换机制，实现工作许可、签证和居留有机衔接。（国家外专局、公安部、外交部、人力资源社会保障部等部门按职责分工负责）

	　　（二十六）允许外国留学生凭高校毕业证书、创业计划申请加注“创业”的私人事务类居留许可。外国人依法申请注册成为企业的，可凭创办企业注册证明等材料向有关部门申请工作许可和工作类居留许可。（公安部、人力资源社会保障部、国家外专局等部门按职责分工负责）

	　　（二十七）实施留学人员回国创新创业启动支持计划，吸引更多高素质留学人才回国创新创业。继续推进两岸青年创新创业基地建设，推动内地与港澳地区开展创新创业交流合作。深入开展“万侨创新行动”，支持建设华侨华人创新创业基地，探索建立华侨华人创新创业综合服务体系，为华侨华人高层次专业人才和企业家出入境、停居留以及申办外国人永久居留身份证件提供便利。推动来内地创业的港澳同胞、回国（来华）创业的华侨华人享受当地城镇居民同等待遇的社会公共服务。继续推进海外人才离岸创新创业基地建设。（人力资源社会保障部、外交部、公安部、国务院港澳办、国务院台办、国务院侨办、中国科协等单位按职责分工负责）

	　　（二十八）完善高校和科研院所绩效考核办法，在核定的绩效工资总量内高校和科研院所可自主分配。事业单位引进高层次人员和招聘急需紧缺人才，可简化招录程序，没有岗位空缺的可申请设置特设岗位，并按相关规定办理人事关系，确定岗位薪资。（人力资源社会保障部、教育部、科技部等部门按职责分工负责）

	　　（二十九）实施社团创新创业融合行动，搭建创新创业资源对接平台，推介一批创新创业典型人物和案例，推动创新精神、企业家精神和工匠精神融合，进一步引导和推动各类科技人员投身创新创业大潮。（国家发展改革委、中国科协等单位按职责分工负责）

	　　（三十）加快将现有支持“双创”相关财政政策措施向返乡下乡人员创新创业拓展，将符合条件的返乡下乡人员创新创业项目纳入强农惠农富农政策范围。探索实施农村承包土地经营权以及农业设施、农机具抵押贷款试点。允许返乡下乡人员依法使用集体建设用地开展创新创业。返乡农民工可在创业地参加各项社会保险。鼓励有条件的地方将返乡农民工纳入住房公积金缴存范围，按规定将其子女纳入城镇（城乡）居民基本医疗保险参保范围。地方人民政府要建立协调推动机制，有条件的县级人民政府应设立“绿色通道”，为返乡下乡人员创新创业提供便利服务。（农业部、人力资源社会保障部、国土资源部等部门和有关地方人民政府按职责分工负责）

	　　（三十一）各地区可根据实际需要制定灵活的引才引智政策，采取不改变人才的户籍、人事关系等方式，以用为本，发挥实效，解决关键领域高素质人才稀缺等问题。（各地方人民政府负责）

	　　六、创新政府管理方式

	　　持续深化“放管服”改革，加大普惠性政策支持力度，改善营商环境，放宽市场准入，推进试点示范，加强文化建设，推动形成政府、企业、社会良性互动的创新创业生态。

	　　（三十二）出台公平竞争审查实施细则，进一步健全审查机制，明确审查程序，强化审查责任，推动全面实施公平竞争审查制度，为创新创业营造统一开放、竞争有序的市场环境。（国家发展改革委、财政部、商务部、工商总局等部门按职责分工负责）

	　　（三十三）推进“多证合一”登记制度改革，将涉企登记、备案等有关事项和各类证照进一步整合到营业执照上。对内外资企业，在支持政策上一视同仁，推动实施一个窗口登记注册和限时办结。推动取消企业名称预先核准，推广自主申报。全面实施企业简易注销登记改革，实现市场主体退出便利化。建设全国统一的电子营业执照管理系统，推进无介质电子营业执照建设和应用。（工商总局牵头负责）

	　　（三十四）加大事中事后监管力度，实现“双随机、一公开”监管全覆盖，开展跨部门“双随机”联合检查，提高监管效能。健全跨部门、跨地区执法协作机制，推进市场监管领域综合执法改革。（工商总局、中央编办、国务院法制办等单位按职责分工负责）

	　　（三十五）在有条件的基层政府设立专业化的行政审批机构，实行审批职责、审批事项、审批环节“三个全集中”。（各地方人民政府、有关部门按职责分工负责）

	　　（三十六）适时适当放宽教育等行业互联网准入条件，降低创新创业门槛，加强新兴业态领域事中事后监管。（教育部牵头负责）

	　　（三十七）推进跨省经营企业部分涉税事项全国通办。推进银行卡受理终端、网上银行、手机银行等多元化缴税方式。加强国税、地税联合办税。建立健全市、县两级银税合作工作机制，加大基层银税合作力度，逐步扩大税务、银行信用信息共享内容。探索通过建立电子平台或在银税双方系统中互设接口等方式，实现银税信息“线上”互动。（税务总局牵头负责）

	　　（三十八）积极有序推进试点示范，加快建设全国双创示范基地，推进小微企业创业创新基地城市示范，整合创建一批农村创新创业示范基地。推广全面创新改革试验经验。研究新设一批国家自主创新示范区、高新区，深化国家自主创新示范区政策试点。（国家发展改革委、科技部、财政部、工业和信息化部、农业部等部门按职责分工负责）

	　　（三十九）办好全国“双创”活动周，营造创新创业良好氛围。组织实施好“创响中国”系列活动，开展创业投资企业、院士专家、新闻媒体地方行。高质量办好创新创业赛事，推动创新创业理念更加深入人心。（国家发展改革委、中国科协等单位按职责分工负责）

	　　各地区、各部门要认真落实本意见的各项要求，进一步细化政策措施，切实履职尽责，密切配合，勇于探索，主动作为，及时总结经验，加强监督检查，确保各项政策落到实处，推进大众创业、万众创新深入发展，为全面实施创新驱动发展战略、培育壮大新动能、改造提升传统动能和促进我国经济保持中高速增长、迈向中高端水平提供强劲支撑。

	 

	国务院

	2017年7月21日

	 

			   "
5b98efbb28fe72bfc505069a, 2017-01-09,科技部关于印发国家技术创新中心建设工作指引的通知 ,"
			  
	国科发创〔2017〕353号

	 

	各省、自治区、直辖市和计划单列市科技厅（委、局），新疆生产建设兵团科技局，国务院各有关部门科技主管司局，各有关单位：

	　　为认真贯彻党的十九大关于“建立以企业为主体、市场为导向、产学研深度融合的技术创新体系”的重大决策部署，深入落实习近平总书记在全国科技创新大会上关于“支持依托企业建设国家技术创新中心”的重要指示精神，加快推进国家技术创新中心建设，科技部制定了《国家技术创新中心建设工作指引》。现印发你们，请结合实际参照执行，积极参与相关工作。

	 

	科 技 部 

	2017年11月17日 

	 

	 
附件下载 国家技术创新中心建设工作指引
			   "
5b98efbb28fe72bfc505069b, 2017-02-06,关于发布《江苏省高新技术产业统计分类目录》（2016年修订）的通知,"
			  附件下载 关于发布《江苏省高新技术产业统计分类目录》（2016年修订）的通知
			   "
5b98efbb28fe72bfc505069c, 2017-01-09,科技部 财政部 国家税务总局关于进一步做好企业研发费用加计扣除政策落实工作的通知 ,"
			  
	国科发政〔2017〕211号

	各省、自治区、直辖市和计划单列市科技厅（委、局）、财政厅（局）、国家税务局、地方税务局，新疆生产建设兵团科技局、财务局：

	　　为贯彻落实国务院关于“简政放权、放管结合、优化服务”要求，强化政策服务，降低纳税人风险，增强企业获得感，根据《关于完善研究开发费用税前加计扣除政策的通知》（财税〔2015〕119号）的有关规定，现就进一步做好企业研发费用加计扣除政策落实工作通知如下：

	　　一、建立协同工作机制

	　　地方各级人民政府科技、财政和税务主管部门要建立工作协调机制，加强工作衔接，形成工作合力。要切实加强对企业的事前事中事后管理和服务，以多种形式开展政策宣讲，引导企业规范研发项目管理和费用归集，确保政策落实、落细、落地。

	　　二、事中异议项目鉴定

	　　1.税务部门对企业享受加计扣除优惠的研发项目有异议的，应及时通过县（区）级科技部门将项目资料送地市级（含）以上科技部门进行鉴定；由省直接管理的县/市，可直接由县级科技部门进行鉴定（以下统称“鉴定部门”）。

	　　2.鉴定部门在收到税务部门的鉴定需求后，应及时组织专家进行鉴定，并在规定时间内通过原渠道将鉴定意见反馈税务部门。鉴定时，应由3名以上相关领域的产业、技术、管理等专家参加。

	　　3.税务部门对鉴定部门的鉴定意见有异议的，可转请省级人民政府科技行政管理部门出具鉴定意见。

	　　4.对企业承担的省部级（含）以上科研项目，以及以前年度已鉴定的跨年度研发项目，税务部门不再要求进行鉴定。

	　　三、事后核查异议项目鉴定

	　　税务部门在对企业享受的研发费用加计扣除优惠开展事后核查中，对企业研发项目有异议的，可按照本通知第二条的规定送科技部门鉴定。

	　　四、有关要求

	　　1.开展企业研发项目鉴定，不得向企业收取任何费用，所需要的工作经费应纳入部门经费预算给予保障。

	　　2.有条件的地方可建立信息化服务平台，为企业提供自我评价、材料提交、工作流转与信息传递等服务，提高工作效率，降低企业成本。

	　　3.各地方可根据本通知精神，制定实施细则，进一步明确职责分工、工作程序、办理时限等。

	　　各地方在落实企业研发费用加计扣除政策过程中出现的问题以及意见和建议，要及时报科技部政策法规与监督司、财政部税政司和税务总局所得税司。

	    

	科技部   财政部  国家税务总局

	2017年7月21日

	 

			   "
5b98efbb28fe72bfc505069d, 2017-01-04,市政府关于颁发2016年度苏州市科学技术奖的决定,"
			  
	苏府〔2017〕19号

	各市、区人民政府，苏州工业园区、苏州高新区、太仓港口管委会；市各委办局，各直属单位：

	　　为贯彻落实党的十八大、十八届三中四中五中六中全会和习近平总书记系列重要讲话特别是视察江苏重要讲话精神，充分发挥科技创新在转变经济发展方式中的支撑引领作用，进一步营造大众创业、万众创新的良好氛围，根据《苏州市科学技术奖励办法》，经市科学技术奖励评审委员会评审、市政府第65次常务会议审定，决定：

	　　一、授予钱东奇等6人2016年度苏州市科技创新创业市长奖。

	　　二、授予高松等3人2016年度苏州市科技合作贡献奖。

	　　三、授予“渐进多焦点镜片的优化设计方法”等3项成果2016年度苏州市技术发明奖二等奖。

	　　四、授予“大盘长高强度海洋光纤及其应用”等11项成果2016年度苏州市科学技术进步奖一等奖，授予“环保型低游离苯酚橡胶补强树脂制备关键技术”等24项成果2016年度苏州市科学技术进步奖二等奖，授予“精密金属管材高端加工成套设备及关键技术”等78项成果2016年度苏州市科学技术进步奖三等奖。

	　　希望获奖单位和个人戒骄戒躁、再接再厉，不断开创新的业绩。全市广大科技工作者要向获奖者学习，继续发扬求真务实、勇于创新的科学精神，深入实施创新驱动发展战略，在推进科技创新与技术进步、加速科技成果向现实生产力转化等方面取得更多突破，为高水平全面建成小康社会、争当建设“强富美高”新江苏先行军排头兵、谱写好伟大中国梦的苏州篇章作出更大贡献。

	　　附件：2016年度苏州市科学技术奖获奖名单

	苏州市人民政府

	2017年2月10日

	　　（此件公开发布）
附件下载 市政府关于颁发2016年度苏州市科学技术奖的决定
			   "
5b98efbb28fe72bfc505069e, 2017-01-09,国务院关于印发国家技术转移体系建设方案的通知,"
			  
	国发〔2017〕44号

	各省、自治区、直辖市人民政府，国务院各部委、各直属机构：

	　　现将《国家技术转移体系建设方案》印发给你们，请认真贯彻执行。

	 

	国务院

	2017年9月15日

	（此件公开发布）
附件下载 国家技术转移体系建设方案
			   "
5b98efbb28fe72bfc505069f, 2017-01-04,市政府印发关于进一步促进金融支持制造业企业的工作意见的通知,"
			  
	苏府〔2017〕72号

	各市、区人民政府，苏州工业园区、苏州高新区管委会；市各委办局，各直属单位：

	　　《关于进一步促进金融支持制造业企业的工作意见》已经市政府第10次常务会议审议通过，现印发给你们，请结合实际，认真贯彻执行。

	苏州市人民政府

	2017年6月22日

	　　（此件公开发布）
附件下载 市政府印发关于进一步促进金融支持制造业企业的工作意见的通知
			   "
5b98efbb28fe72bfc50506a0, 2017-01-04,市政府关于确定2017年重大创新团队和第一批姑苏创新创业领军人才的通知,"
			  
	苏府〔2017〕97号

	各市、区人民政府，苏州工业园区、苏州高新区、太仓港口管委会；市各委办局，各直属单位：

	　　经单位申报、专家评审和考察公示，并经市政府第12次常务会议审议通过，确定吴一戎等4个团队（16人）为2017年重大创新团队、丁国华等64人为2017年第一批姑苏创新创业领军人才。请各地、各有关部门和单位落实好各项政策待遇，切实支持人才创新创业。

	　　希望获得资助的团队、人才要抢抓发展机遇，不断开拓创新，发挥引领示范作用，助推产业转型升级，为苏州深入实施创新驱动发展战略，全力打造具有国际竞争力的先进制造业基地和具有全球影响力的产业科技创新高地作出更大贡献。

	　　附件：

	　　1．2017年重大创新团队名单

	 

	　　2．2017年第一批姑苏创新创业领军人才名单

	苏州市人民政府

	2017年7月22日

	 

	　　（此件公开发布）
附件下载 市政府关于确定2017年重大创新团队和第一批姑苏创新创业领军人才的通知
			   "
5b98efbb28fe72bfc50506a1, 2017-01-04,市政府关于推进企业博士后创新体系建设的意见（试行）,"
			  
	　　详见附件。
附件下载 市政府关于推进企业博士后创新体系建设的意见（试行）
			   "
5b98efbb28fe72bfc50506a2, 2017-02-06,省政府办公厅关于深入推行科技特派员制度的实施意见,"
			  
	　　详见附件。
附件下载 省政府办公厅关于深入推行科技特派员制度的实施意见
			   "
5b98efbb28fe72bfc50506a3, 2017-01-09,科技部办公厅关于印发《国家科技企业孵化器“十三五”发展规划》的通知,"
			  
	国科办高〔2017〕55号

	 

	各省、自治区、直辖市及计划单列市科技厅（委、局），新疆生产建设兵团科技局，各有关单位：

	　　为进一步贯彻落实《国家创新驱动发展战略纲要》、《国家中长期科学和技术发展规划纲要（2006-2020年）》和《“十三五”国家科技创新规划》，科技部组织编制了《国家科技企业孵化器“十三五”发展规划》。现印发你们，请结合本地区实际情况，做好落实工作。

	 

	                             科技部办公厅

	                              2017年6月29日

	 

	
	
		国家科技企业孵化器“十三五”发展规划


	 

	　　为贯彻落实国家创新驱动发展战略，深入推动科技企业孵化器（包括众创空间等创业孵化载体，以下简称“孵化器”）事业持续健康发展，完善创新创业生态系统，培育发展经济新动能，为建设创新型国家提供有力支撑，依据《国家中长期科学和技术发展规划纲要（2006-2020年）》、《国家创新驱动发展战略纲要》和《“十三五”国家科技创新规划》，制定本规划。

	　　一、“十二五”时期发展回顾

	　　 “十二五”期间，我国孵化器事业在全社会形成雄厚基础和高度共识，进入全面深化发展阶段，已成为国家发展战略重要组成部分。创新创业孵化体系基本健全，规模不断扩大、能力显著增强、成效充分彰显，营造了浓厚的创新创业氛围，为转变经济发展方式、优化经济结构做出积极贡献，有力助推了“双创”时代到来。

	　　（一）孵化器战略地位凸显，社会共识高度凝聚

	　　“十二五”期间，国务院先后发布《关于加快科技服务业发展的若干意见》、《关于发展众创空间推进大众创新创业的指导意见》及《关于扶持小微企业健康发展的意见》等政策性文件，孵化器已成为加快实施创新驱动发展战略的重要载体。结合科技部《关于进一步推动科技型中小企业创新发展的若干意见》、《发展众创空间工作指引》等具体措施，地方政府进一步加大对孵化器支持力度，明确孵化器区域发展战略，积极构建有利于创新创业的生态环境。在政府部门、高校院所、投融资机构、企事业单位等投资主体基础上，一大批成功企业家、天使投资人、龙头企业、新兴服务机构和创业媒体等市场主体投身于孵化器事业，社会各界对孵化器的认知与支持达到前所未有的高度，不断掀起大众创新创业新浪潮。

	　　（二）孵化器行业开拓创新，孵化体系日臻完善

	　　“十二五”期间，我国孵化器发展突飞猛进，数量全球领先，并完成全国布局。2015年底，全国纳入火炬计划统计的孵化器达2530家，其中国家级孵化器736家，从业人员近4.3万人，孵化面积超过8600万平方米，分别是“十一五”末的2.8倍、2.1倍、2.9倍和2.9倍。京津冀、长三角、珠三角、川渝等成为孵化器重要集聚区，实现对欠发达地区全覆盖，省级地区80%以上建立了孵化器协会体系。企业化运作的孵化器从不到30%上升至75%以上，天使投资、创业辅导、技能培训、咨询服务等深度服务成为重要的市场化服务手段。全国孵化器与1.3万家中介机构签订合作协议，共同为创业企业提供优质服务。我国孵化器为社会贡献了大量高成长企业。2011年至2015年，累计毕业企业数量从39562家上升为74838家，呈不断增长态势。专业孵化器与综合孵化器、留学人员创业园、国际企业孵化器等面向不同创业主体的孵化器深化发展。国有企事业孵化器与民营孵化器协同共进，孵化器的社会公益性与营利性融合互补。众创空间、孵化器、加速器形成了服务种子期、初创期、成长期等围绕创业企业发展的全孵化链条，创业孵化作为科技服务业的重要组成部分显现勃勃生机。

	　　（三）众创空间迅猛发展，大众创新创业热情高涨

	　　 孵化器不断探索新型孵化模式，创业孵化链条向早期创业者延伸，不断激励新企业诞生。“十二五”期末，一批顺应网络时代创新创业特点和需求，通过市场化机制、专业化服务和资本化途径构建的众创空间大量涌现。2015年火炬调研数据显示，全国已建成各类众创空间2300余家（经科技部备案498家），出现了多种基于不同服务重点和核心资源的新型孵化模式，推动创新与创业相结合、线上与线下相结合、孵化与投资相结合，为创业者应用新技术、开发新产品、开拓新市场、培育新业态提供了有力支撑。仅2015年，各地众创空间举办各类创新创业活动7万余场次，服务创业团队和初创企业超过15万家，服务创业者超过50万人，多数地区成立了众创空间联盟组织。创业大街、创业小镇、创业社区等创新创业要素集聚发展的苗头初现。众创空间作为创业孵化链条的重要组成部分，不断推动早期创新创业活动，营造了我国大众创新创业的良好生态环境。

	　　（四）创业孵化绩效卓著，经济新动能不断汇聚

	　　“十二五”期间，我国孵化器围绕战略性新兴产业源头培育和传统产业转型升级，实现了从注重载体建设向注重主体培育的转变、从注重企业集聚向注重产业培育转变，成为经济社会发展不可或缺的“创富源”和“就业源”。我国孵化器五年累计新孵化科技型企业10.5万家，孵化企业累计R&D投入近2000亿元。2015年末，孵化器在孵企业数达10.2万家，是2010年的1.8倍，拥有各类知识产权15万件，聚集国家“千人计划”创业人才1350余名，提供就业岗位165万个，其中应届大学毕业生17万人。截至2015年底，累计毕业企业7.4万家，毕业后上市和挂牌企业累计已超过800家。超过1/3的孵化器是专业孵化器，出现了一批专注于（移动）互联网、云计算、生物医药、机器人与智能制造、新材料、现代农业、航空航天、文化创意等战略性新兴产业的孵化器，带动了一批行业龙头企业围绕自身产业链建设专业孵化器，不断催生出新产品、新产业、新服务、新业态，成为科技创新创业的重要阵地，源源不断为经济发展带来新活力。

	　　（五）服务创新全面提升，社会影响持续扩大

	　　 “十二五”期间，我国孵化器实现了从注重基础服务向注重增值服务转变、从注重科技创业孵化向注重科技创新创业的全链条孵化转变，实施了一系列鼓励社会力量融入大众创新创业活动的服务创新和重大举措，孵化器的社会影响力、带动力持续提升。中国创业导师数量猛增，从2010年的3500多人增长到2015年的21285人（火炬备案创业导师达1048名），对接辅导创业企业5万余家。孵化基金与天使投资形成规模，孵化器自身的孵化基金总额2015年达到365亿元，五年累计获得投资的在孵企业达26577家，共获得投资约842亿元。“创业苗圃（众创空间）—孵化器—加速器”全孵化链条建设取得突破，确定41家国家级孵化链条建设示范单位。中国创新创业大赛已经连续成功举办四届（2012-2015），服务了4万多个参赛企业和近3万个创业团队，带动社会融资超过100亿元、银行授信200亿元，成为孵化器服务大众创新创业的标志性品牌活动。全国孵化器从业人员培训逐渐规范化、常态化，全国26个培训基地累计举办初、中、高级培训班超过120期，参训人员超过1.3万人。

	　　（六）国际合作稳步推进，全球链接能力增强

	　　 孵化器积极对接国际资源和市场，参与构建全球创新链，促成海内外互动孵化的新局面。我国孵化器在创新创业活跃的主要国家开办了数10家海外孵化器，与国外创新创业机构联合开展研发、跨国技术转移、跨国天使投资、跨境孵化加速等合作。外国孵化机构在华开展业务更加踊跃，带来孵化器发展新理念、新模式，促进了国际间技术、人才、创业投资等要素的引进、交流和转化。随着全球创新创业资源的流动和配置，一大批孵化器的创新创业服务能力显著提升。中国国际企业孵化器网络年会、中外创业孵化合作论坛、企业孵化器国际培训研讨班、中国海外学子创业周等一系列国际交流活动持续开展，为我国孵化器从业者与国际同行提供了交流合作舞台，极大地推动了国内外孵化器的双向交流，我国孵化器的国际影响力大幅度提高。

	　　在取得辉煌业绩的同时，我国孵化器行业仍在很多方面有待提升和发展。创业孵化服务体系和全链条建设有待持续完善创新；孵化器链接与整合国内外创新创业资源的能力需要继续增强；孵化服务质量需要进一步提升，增值服务有待深化，孵化器行业标准尚待健全完善；众创空间迫切需要规范发展，专业孵化器尚需合理布局并扩大数量规模；孵化服务职业化队伍建设亟待加强；孵化器地区和城乡发展差异仍较大，跨区域协同促进机制有待探索；孵化器的公益与营利双重属性，要求在现行体制下进行持续机制创新，探索可持续发展之路。总之，我国孵化器发展面临的主要矛盾，就是当前我国的创业孵化服务能力和水平，尚不能完全满足创新创业活动的巨大服务需求。

	　　二、孵化器发展新趋势和新要求

	　　 新一轮科技与产业革命正在创造历史性机遇，我国经济发展进入新常态，大众创业、万众创新成为发展新引擎，创新创业活动呈现新规律，创业大发展对孵化服务产生新需求，良好的创新创业生态成为推动双创发展的必要条件，孵化器将面临更大挑战和更高要求。

	　　（一）创新创业成为新经济发展的源动力

	　　全球正处于生产方式转变、传统产业调整、新的主导产业诞生的经济发展新周期。创新创业资源全球配置日趋加速，新技术、新产品、新业态、新商业模式层出不穷，企业的竞争范式已发生重大变革，国家的繁荣进步越来越依赖于创新创业能否持续活跃。当前我国紧抓技术突破为全球经济增长带来的历史性机遇，全面推进结构性改革，采取新技术手段降低大众创新创业门槛和成本，通过互联网与传统产业的跨界融合创造大量创业机会，营造“鼓励创业、宽容失败”的社会文化氛围鼓舞更多人投身创新创业。大众创业、万众创新已经成为经济新常态下的必然战略选择，将在我国经济“三期叠加”和结构调整大背景中助力推动经济中高速增长，提供经济发展新动能。

	　　（二）双创战略下孵化器大有可为

	　　我国经济发展进入新常态，创新驱动战略深入实施，大众创业、万众创新成为经济转型和保增长的重要引擎。国家着力推动科技成果转化，鼓励科研人员创新创业，推进商事制度改革，营造有利于创新创业的市场环境。国务院出台一系列支持和鼓励创新创业的政策文件，综合利用财政、税收等多种政策工具，支持构建大中小企业、高校、科研机构、创客多方协同的新型创新创业生态，提倡打造众创、众包、众扶、众筹平台，倡导创新创业文化，培育创业服务业。孵化器工作已经上升到国家发展战略层面，在双创战略中位势日益升高，在营造优良的创新创业生态环境，促进科技成果转化和产业化，汇聚更广泛的创新创业资源，激发社会各界力量参与创新创业，开辟新的经济增长点，推动我国经济实现创新驱动、可持续发展等方面，将发挥关键作用。

	　　（三）创新创业新特点提出发展新要求

	　　我国创新创业进入新一轮高潮，成为全球创业最活跃地区之一，创业的形态和特征也不断演化。创新创业主体类型多样，大众创业更加普遍；创新创业的技术密集度持续升高，人才引进和技术成果转化需求日趋强烈；创新创业领域覆盖广泛，基于互联网的信息技术成为创业活动高发领域；消费者个性需求不断增长，创新创业更强调生产定制化和敏捷性；创新创业生命周期缩短，企业迭代更新频繁；创业资本逐渐向创业早期阶段前移，天使投资更加活跃；创新创业活动从内部组织到开放协同，跨国、跨区域的创新创业活动日益增多。围绕创新创业活动新特点，创业孵化服务将更加重视营造主体协同、要素聚合、机制健全、环境友好的创新创业生态，鼓励各类市场主体进入创业孵化服务市场，不断创造新模式与新机制高效提供服务，服务对象兼顾小众和大众；特定创新创业领域更关注重度垂直细分和专业化服务；资源快速集聚和创业辅导能力对企业成败日益重要；技术支撑和创业投资的作用将更为凸显；创新创业资源将面向全球进行跨区域配置。

	　　（四）孵化器行业发展面临新变革

	　　我国孵化器行业进入全面深化发展阶段，创业企业对各种创业要素和孵化服务的需求正发生深刻变化，孵化器发展面临新变革。创新创业空前活跃导致创业服务的巨量需求；孵化质量提升要求驱动孵化器向专业化、链条化、多层次、立体化方向发展；新型创业服务平台大量出现，带动孵化器的建设主体更加广泛，管理团队更加专业；创业社区、集团发展、连锁经营等新组织模式出现逐渐实现了孵化器跨地区、跨行业发展，创业孵化正由“器”之形转向“业”之态。孵化器行业正经历的变革，需要更多更好的创业孵化载体和更多元化的孵化服务，需要更加强化资源集聚、人才团队、运营管理等多方面能力建设，需要更水平的孵化器行业规范和创新，以迎接历史发展新阶段。

	　　三、指导思想、发展原则与目标

	　　（一）指导思想

	　　全面贯彻党的十八大精神，深入实施创新驱动发展战略，迎接全球新一轮科技和产业革命浪潮，紧抓我国大众创业、万众创新的时代契机，以构建创新创业生态为主线，以培育经济发展新动能为目标，以科技创新加快引领经济发展、服务实体经济转型升级、促进创新型经济发展为导向，全面激发全社会创新创业活力，持续推进我国从孵化器大国向孵化器强国迈进，为建设创新型国家做出贡献。

	　　“十三五”期间，要推动我国孵化器围绕构建创新创业生态实现新的提升发展，即从服务初创企业到培育新经济源头的提升，从集聚创业要素到促进资源开放共享的提升，从注重综合服务能力到打造专业化服务能力的提升，从侧重服务供给导向到侧重服务需求导向的提升，从推动国际合作到融入全球创新创业网络的提升，从营造局部创业氛围到引领全社会创新创业文化提升。加快实现孵化器类型多元、服务高效、资源共享、机制灵活、区域协同、氛围浓厚的发展态势，形成多种力量、多种模式、多种机制共同促进的全链条、多层次创业孵化新格局。

	　　（二）发展原则

	　　市场主导，政府引导。围绕培育创业主体、建设孵化载体、提供创业服务、拓展创业投融资服务等方面，发挥市场在资源配置中的决定性作用。加强政府在宏观规划、政策支持和资源整合等方面的引导和指导作用。

	　　 多元共存，协同发展。坚持孵化器建设主体多元化、运行机制多样化，促进孵化器新模式、新类型和新机制的不断衍生和发展。带动创业服务机构协同发展，兼顾公益性和营利性协调发展，倡导和推动区域互助发展。

	　　强化服务，持续创新。综合运用众创、众包、众扶、众筹等手段，提升服务深度和广度，推动孵化资源基础化、创新技术资本化、孵化资本密集化、孵化流程链条化、服务行为职业化、服务要素生态化、孵化过程定制化。进一步推动体制机制改革创新，持续探索和发展可持续商业模式。

	　　 面向大众，服务实体。扩大“双创”的源头供给，推进龙头企业、高校、科研院所开放共享创新资源，以科技型创业为引领，构建经济发展新功能。为衍生创业、跨国创业、“互联网+”与跨界融合等各类新型创新创业创造条件，培育新主体、催生新业态、创造新产业，推动传统产业转型升级，促进实体经济更好发展。

	　　科学评价，分类指导。发挥科学合理的考核、评价、跟踪监测体系的作用，加强分级分类指导，促进孵化器绩效提升。以差异化支持政策和措施促进不同类型、不同地区、不同发展阶段的孵化器实现持续健康发展。

	　　（三）发展目标

	　　总体目标：到2020年，围绕大众创新创业需求，完善多类型、多层次的创业孵化服务体系，汇聚国内外资源、融合全球各类孵化要素，以强化导师辅导与资本化服务促进高水平创业，以打造一支职业化孵化队伍提升服务能力、质量和效率，以孵化未来、成就梦想的孵化文化引领更加浓厚的创新创业氛围，激发创业企业和高成长企业大量涌现，催生新技术、新服务、新产品、新产业快速发展，成为大众创新创业的主阵地、创新模式的试验田、创业文化的引领者、新经济的动力源。

	　　具体目标：

	　　 ——载体建设呈现新格局。到“十三五”末，全国各类创业孵化载体达到10000家，国家级孵化器超过1500家，国家备案众创空间超过3000家。30%的国家级孵化器建成科技创业孵化链条，专业孵化器超过40%，形成一批特色众创集聚区。

	　　 ——孵化绩效达到新水平。五年累计新增孵化创业企业和创业团队达20万个，孵化毕业企业达5万家；在孵企业R&D累计投入超过1000亿，获得有效知识产权超过20万件；创造就业岗位超过300万个，吸纳大学生就业50万人，上市和挂牌企业超过2000家。

	　　——服务能力实现新提升。到“十三五”末，国家级孵化器和国家备案众创空间中，50%以上具有创业投资功能，60%搭建或共享公共技术服务平台，70%以上从业人员接受专业培训，80%形成创业导师辅导体系，孵化器从业人员突破10万人，孵化器合作中介服务机构超过2万家。

	    ——开放发展迈上新台阶。“十三五”期间，累计吸引超过10万个留学生和海外创业者来华创业，引进海外孵化机构100家，在海外建立孵化机构100家。

	　　四、着力推动九大重点任务

	　　（一）服务大众创业，支持孵化器多元化发展    

	　　加强创业孵化链条建设，推动众创空间质效提升，实现专业化发展，促进科技企业加速器发展，加大专业孵化器布局力度。鼓励孵化模式创新，支持集团连锁孵化、企业内生孵化、平台开放孵化等新型孵化器建设，形成多元孵化、协同促进的孵化器发展新格局。

	　　1. 完善“众创空间—孵化器—加速器”创业孵化链条建设。引导众创空间基于能力和资源优势，强化低成本、便利化、全要素、开放式的功能，通过市场化机制，开展专业化服务、资本化途径、网络化支撑、集成化应用和国际化链接，构建特色服务和商业模式，不断提升服务质量和运行效率，形成一批高水平众创空间示范品牌。发挥孵化器在“众创空间—孵化器—加速器”全孵化链条的中坚作用，建立健全服务接力促进机制。鼓励各类社会主体围绕企业高成长阶段的需要，不断完善技术研发、资本运作、人力资源、市场开拓、国际合作、知识产权、上市并购、股权转让等加速服务，加快企业总部型、技术中试型、专业园等多种类型科技企业加速器建设。

	　　2. 加大专业孵化器布局力度，推进各类孵化器深化发展。推进国家自主创新示范区、国家高新区和特色产业基地合理布局专业孵化器，壮大当地特色产业、发展战略性新兴产业；引导高校、科研院所等围绕优势专业领域建设专业孵化器，促进产学研结合，加快科技成果转化；加快新型研发机构和行业龙头企业围绕产业共性需求和技术难点，建设特色产业孵化器；促进一批综合技术孵化器转型为专业孵化器，面向细分市场实施精准孵化；新建孵化器结合区域产业发展方向与当地技术、市场、产业等优势资源，建设专业孵化器。动员各方面力量，继续发展切合当地条件禀赋与实际需求的综合孵化器、留学生创业园等，推动大众创业、万众创新。

	　　3. 拓宽孵化活动范围，促进各类新型孵化器建设发展。支持各类科技企业开展内部创业、衍生创业，鼓励内生孵化；鼓励有条件的孵化器成为专业化创业孵化服务提供商，形成集团连锁孵化；促进各类科技创新平台的资源拥有者建设孵化器，实施开放孵化；引导产业创新联盟等社会组织领办孵化器，开展跨区域孵化；推进各种类型的创业社区建设，开展集群孵化。鼓励灵活应用众包、众筹、众创、众扶等新模式建设新型孵化器，促进新企业、新业态、新商业模式创业成果不断涌现。

	　　（二）优化金融服务，推进投资孵化融合发展

	　　 强化孵化器投融资服务，加强资本驱动功能，围绕创业链部署资金链，建立由孵化器自有资金和外部资本共同构成的多层次创业孵化投融资服务体系，满足不同阶段的创业企业对资金的需求，深化“投资+孵化”发展模式。

	　　1. 构建梯度孵化投资服务体系。鼓励孵化器针对创业企业，设立创业投资基金；引导加速器为成长期企业，设立创业投资基金、股权投资基金；推动专业孵化器配套产业创业投资基金。鼓励各类孵化器充分利用政府创业投资引导基金、科技成果转化引导基金等各类母基金建立子基金，积极与专业投资机构、金融机构等外部资本合作设立各类子基金。支持孵化器采取自投、跟投、领投等方式，投资在孵企业和毕业企业；支持科研院所、大型集团企业、上市公司、境外投资机构投资众创空间、孵化器、加速器在孵和毕业企业；吸引知名企业家、成功创业者、企业高管、行业专家和孵化器从业人员等为在孵企业提供创业投资服务。

	　　2. 提升孵化器融资服务能力。建立健全由孵化器、创业企业、担保机构、投融资机构、政府机构等组成多元的投资风险分担机制。引导孵化器、加速器以联合授信、内部担保、与其他机构联合担保等方式，协助担保公司、小额贷款公司、商业银行等金融机构为在孵企业提供融资服务。探索与互联网金融服务机构合作，协助在孵企业利用股权众筹方式融资。支持孵化器与各类金融服务机构开展长期战略合作，探索包括融资租赁、知识产权质押、打包贷款、小微贷、优先股、可转换债券等针对创业企业的融资服务。

	　　3. 多方位优化创业金融服务环境。支持孵化器建设创业金融服务平台，提供投融资方案设计、项目对接、信息共享等一体化服务。加强孵化器联合证券公司、律师事务所、审计师事务所、会计师事务所、资产评估机构、投资银行机构等专业机构，开展上市辅导和咨询服务，推动优质在孵企业和毕业企业在各类证券交易市场挂牌。建立健全毕业企业数据库，加强企业跟踪服务。支持孵化器与专业投融资服务机构，以及商业银行、证券公司、信用评价、资产评估、会计、审计、法律、知识产权保护等相关中介服务机构，联合成立创业金融服务联盟。

	　　（三）提升孵化质量，带动创业服务精益发展

	　　以创业者的需求为导向，强化“创业导师+创业辅导师”制度和职业化管理服务队伍建设，扩大孵化器与第三方专业服务机构合作，建立专业化、网络化、开放化的服务机制，扩大创业服务供给，提升增值服务水平。

	　　1. 深化落实“中国火炬创业导师行动”。支持各类孵化器聘请天使投资人、企业家、成功创业者、技术专家、行业专家等担任创业导师，形成专业化导师队伍，为创业者提供专业性、实践性辅导服务。鼓励创业导师与被辅导企业形成投资关系，建立创业者与创业导师共赢机制。支持孵化器选拔优秀人才成为专职创业辅导师，加强创业辅导师培养，强化创业辅导师在创业孵化工作中的作用，打造一支精干的创业辅导师队伍。推动成立“中国火炬创业导师联盟”，进一步扩大“中国火炬创业导师行动”活动覆盖范围，向中西部地区倾斜，并促进经验交流总结、资源对接共享。落实创业导师和创业辅导师认证备案制度，建立全国创业导师和创业辅导师数据库，完善创业导师和创业辅导师评价、激励机制。

	　　2. 加快管理服务队伍职业化建设。持续提升全国孵化器从业人员初、中、高级培训，拓展科技创业者企业家能力提升培训。强化师资队伍和课程体系建设，加大培训开展的规模和力度，探索推进孵化器行业执业制度。扩大人才培养基地数量，推动各省孵化器培训机构将人才培养工作常态化，建立第三方培训效果评估机制。鼓励与高校、大企业、人力资源机构、创投机构等密切合作，探索开展创业与孵化服务人才联合、委托培养的新模式。积极推动孵化器从业人员国际化培训。推进创业孵化服务队伍的职业标准建设，加强对孵化器从业人员资质和能力的评定、考核和复核，引导孵化器完善内部人才成长和培训激励机制。

	　　3. 以创业者需求为导向提升增值服务能力。引导孵化器围绕创业企业实际需求，提供定制化的高附加值服务。巩固提升场地和设施供给、商务、项目申报等基础服务，提高服务平台运营效率；不断加强项目诊断、创业咨询、团队搭建、产品改进、财务顾问、市场拓展等创业辅导服务；积极拓展技术成果评估、科学实验、试制与检测、科技情报等创新支撑服务。推动创业服务利用新技术、应用新理念、开创新模式，以创业者为核心，主动整合创意与市场需求，实现创业机会和资源供给的有机结合。强化孵化器与知识产权、法律、会计、咨询等第三方专业服务机构合作，提升孵化服务综合能力。

	　　（四）促进开放协同，加速创业孵化生态发展

	　　运用互联网思维和信息技术手段提升孵化器开放发展水平，实现线上线下服务协同，强化市场化资源整合链接能力，整合各类创业要素。支持各类创新创业孵化集聚区建设，构建开放协同的创业孵化生态。

	　　1. 运用“互联网+”手段提升开放水平。运用互联网思维提升创业孵化服务水平，鼓励孵化器探索研发众包、资金众筹、同步路演等基于互联网的新型创业服务。支持孵化器运用大数据、云计算、移动互联网等现代信息技术手段和工具提高整合资源的能力，通过自建或依托公共创新创业云服务平台，实现技术成果、信息数据、创新人才、投融资服务等资源的互联互通与开放共享。

	　　2. 强化孵化器资源整合链接功能。完善孵化器与各类创新创业要素和主体对接机制，深化孵化器与各类第三方服务机构的合作，构建“孵化器+”资源网络。加强孵化器与高校院所、产业技术研究院等科研机构的对接，链接创新源头的人才和技术资源，推动科技成果转移转化。加强孵化器与行业龙头企业的对接，围绕大企业主营业务方向和产业创新需求，促进在孵企业与大企业不同层面的紧密合作，实现双方共赢。鼓励以孵化器为平台，采用市场化机制整合社会创业教育和培训资源，依据创业企业需求选取品牌培训机构和参训课程。推动孵化器与媒体合作，加大对双创政策、活动和文化的宣传，搭建宣传渠道和资源链接桥梁。

	　　3. 推动众创集聚区建设。通过试点示范方式引导在创新资源丰富、大众创业活跃的区域建设创业街区、创业社区、创业小镇等众创集聚区。以集聚区为核心，聚集相关产业联盟、创新创业服务机构，吸引大量的创业团队、创业投资人聚集，开展丰富的创业活动，营造交流碰撞、开放共享的创新创业氛围，通过集群优势营造系统性、一揽子的培育孵化成长环境。支持集聚区实现政策集成和先行先试。研究制定试点示范工作方案和评价标准，建设一批开放式创新创业的样板区。

	　　（五）增强区域合作，构建孵化器协调式发展

	　　加强区域内和跨区域孵化器的交流合作，完善区域孵化器网络，发挥行业组织促进区域合作的平台作用，强化中心城市和高新区对周边县市区的辐射带动作用，推动形成区域内部协同、跨区域协调、各层级全覆盖的孵化器发展格局。

	　　1. 完善区域孵化器协作网络。加强省级、市级以及京津冀、长江经济带、珠三角、成渝等区域孵化器网络建设。进一步完善区域孵化器联盟、协会等行业组织，促进区域内部孵化器之间的经验交流和资源共享，实现互补合作、联动发展。推动不同服务模式的孵化器开展深层次合作，发挥孵化器的基础设施及各类孵化服务的综合优势。

	　　2. 引导跨区域孵化器合作。鼓励通过结对帮扶、联合共建、模式输出、异地孵化等方式，引导创新创业活跃地区与少数民族地区、中西部地区、东北老工业基地等政策支持地区开展孵化器战略合作，促进资金、技术、人才等创新创业要素的跨区域流动和精准链接，推动和支撑少数民族地区“双创”发展、中西部地区产业转型升级和东北等老工业基地内生动力培育。

	　　3. 发挥中心城市对周边孵化器辐射作用。鼓励有条件的地区围绕地方特色产业建设众创集聚区、创业街区、特色小镇等，实现创业资源的集聚。发挥中心城市和国家高新区的孵化器对周边区域的辐射带动作用，形成创新创业资源、创业项目及团队、创业服务机构的双向交流互动机制，带动整个区域孵化器转型升级。支持县域孵化器，借助外部资源开展咨询辅导、创业培训、技术支撑等孵化服务，以科技创新创业激发县域经济发展活力。

	　　（六）融入全球网络，注重孵化器国际化发展

	　　加强创新创业的全球链接，支持孵化器“走出去”和“引进来”，通过参与和举办国际性的孵化器行业活动，促进全球创新创业要素的资源流动和跨国配置，进一步增强国内外孵化器间的交流合作，全面提升我国孵化器发展水平。

	　　1. 加快孵化器国际化步伐。鼓励我国孵化器开拓国际业务，设立海外孵化器，通过与国外高校、研究院所和国际技术转移机构合作，对接海外创业团队、投资机构，优选高科技项目。吸引外国孵化机构在中国设立分支机构或共建孵化平台，充分吸收和借鉴国外创业孵化的先进理念与模式。引导各类型孵化器注重链接全球创业资源，广泛开展海外资本、高层次人才、技术项目、跨境孵化等国际化交流与合作，鼓励在孵企业参与国际孵化行业的各项活动和创业大赛。积极推动留学人员创业园升级发展，通过海创大赛等活动，搭建人才引进与借船出海的双向平台，推动形成海外人才协同创新创业网络。

	　　2. 推动孵化器行业国际化发展。组织和举办具有国际影响力的创新发展论坛、会展和学术活动。策划举办中国孵化器大会，邀请全球知名孵化器、天使投资机构、孵化器联盟等机构参与，形成具有国际影响力的品牌活动。支持地方政府、企业、投资机构、社会组织搭建国际化的创新创业交流合作平台。支持我国孵化器及联盟协会加强与国际机构的交流与合作，深入开展全球孵化行业的信息交流、科研交流和项目合作。持续推动国际间的孵化器政府专项培训工作。

	　　3. 开展“一带一路”孵化器国际合作。对“一带一路”沿线国家输出孵化器建设和管理经验，指导并帮助其建设一批发展理念新、创业服务优、孵化能力强的新型孵化器，提升当地创新创业水平。鼓励“一带一路”沿线国家创业人才开展国际化创业或来华创业，促进人才在区域间的流动。依托孵化器开展国际化创业服务体系建设，推动国际合作交流、国际技术转移，帮助在孵企业把握新兴市场的创业机遇，拓展国际市场，提高企业全球化开放程度。

	　　（七）推动改革创新，促进孵化器可持续发展

	　　继续推动国有企事业孵化器转制，鼓励各类孵化器开展机制创新，推动孵化器探索政府采购、市场化服务及创业投资相结合的多维运营模式，鼓励孵化模式创新，实现健康可持续发展。

	　　1. 继续推动国有孵化器改革创新。鼓励事业单位性质孵化器转制。鼓励国有企业孵化器创新体制机制，探索所有权和经营权分离，推进实施现代企业管理制度和职业经理人制，通过政府购买服务等方式引导孵化器提供公共服务。支持外资和民营资本参与创办混合所有制孵化器。探索建立国有孵化器管理人员绩效奖励机制，调动从业人员积极性。

	　　2. 引导孵化器探索可持续发展模式。鼓励孵化器形成政府采购服务、场地租金、增值服务和股权投资收益相结合的多元收入模式。支持孵化器以自有资金、应收房屋租金或增值服务费等入股优质企业，分享企业成长发展收益。吸引社会资本参与配套服务和服务平台搭建，通过提供有偿增值服务弥补公益服务投入。鼓励孵化器探索建立毕业企业反哺机制，引导毕业企业通过捐赠、设立种子基金、担任创业导师、共建服务平台等方式反哺孵化器。

	　　 3. 鼓励孵化器不断创新孵化模式。鼓励孵化器创新孵化模式，支持各类孵化器在借鉴国内外先进经验的基础上，充分依托自身优势和特色，进一步探索促进创业资源整合、提升专业服务和投融资链接能力的新路径、新模式。鼓励品牌孵化器通过连锁经营、品牌输出、一器多基地等模式创新实现规模化发展，扩大优势创新创业资源的辐射范围，塑造创业服务品牌。鼓励孵化器以促进技术转移转化、新产品研发、传统业务转型和开放式协同创新等为切入点，融入龙头骨干企业、高校和科研院所创新创业生态圈，形成资源共享和收益分享的联动发展机制。

	　　（八）营造创业氛围，引领创业文化繁荣发展

	　　紧抓大众创业、万众创新战略机遇，以实施“创业中国”行动和举办“孵化器30周年系列活动”为契机，开展全方位、多层次、立体化的创业孵化活动，加强创业文化宣传推广，积极营造有利于大众创业、万众创新的舆论氛围。

	　　1. 深入开展各类创业孵化品牌活动。鼓励孵化器组织创业者参与中国创新创业大赛、大学生创业大赛、留学人员创新创业大赛、互联网创业大赛等各类创新创业大赛。支持孵化器及行业协会组织联合国外创业大赛机构开展跨国创业大赛。鼓励创业服务机构通过创业大赛、双创活动周活动、创业论坛、创业沙龙等方式开展创业孵化活动。鼓励孵化器充分结合中国孵化器30周年系列活动等，全面总结区域或孵化器发展成就和经验，开展各类宣传活动，开展区域孵化器论坛和峰会，开展多层次研讨及会展活动。

	　　2. 积极推动落实“创业中国”行动。结合“创业中国”行动，鼓励孵化器在国家自主创新示范区、国家高新技术产业开发区和其他有条件的地区，参与“创业中国”国家引领、示范和发展工程。持续创新孵化器自身工作，成为领引区域开展创新创业的排头兵，加强工作指导及经验模式推广，加强对周边地区创新创业活动的辐射带动。

	　　3. 引领全社会创业文化建设。深刻总结创新创业的核心理念、共识，构建全面促进经济与社会发展的中国特色创新创业文化。大力培育、弘扬企业家精神、创客精神，营造鼓励创新、宽容失败的创业文化氛围，树立崇尚创新、创业致富的价值导向。加强创业文化宣传，通过演讲、沙龙、论坛、媒体访谈等方式宣扬创业理念，引领树立高科技、大市场、活资本等新观念，进一步形成尊重知识、尊重人才、尊重劳动，尊重创造的氛围，形成更加有利于大众创业、万众创新的舆论导向。

	　　（九）强化自律规范，形成孵化行业健康发展

	　　为顺应大众创新创业需求、不断创新服务模式和提升服务能力的现实要求，充分发挥各层次行业组织的统筹协调作用，加快建立孵化服务行业标准体系，推动孵化器行业研究常态化，形成规范与发展并重、有序与创新并举的良性局面。

	　　1. 强化孵化器行业组织作用。推动全国性孵化器行业协会建立，继续健全完善区域性行业组织。充分发挥行业组织在业内协调、行业培训、监测研究以及制订孵化行业标准、规范相关主体行为、促进交流协作和资源共享方面的核心作用。加强地区性行业组织之间的沟通合作，促进跨区域的创新创业资源的有效配置，孵化服务资源的交互共享。增强区域内孵化器的共同治理能力，探索制定行业规则，实现行业的自我约束、自我管理。

	　　2. 健全完善孵化器行业标准。充分发挥孵化器行业组织及第三方机构等各方力量，建立完善涵盖孵化器类型标准、服务内容标准、服务流程标准等孵化行业标准体系。分类建立具有各行业特色、区域特色的众创空间标准、加速器标准、专业孵化器标准等多类型的孵化器标准。

	　　3. 持续开展孵化器行业研究。支持各级政府和科技管理部门、行业协会、专业研究机构、专业性媒体等研究力量开展孵化器行业研究。发展行业研究联盟、协会的智库作用，支持孵化器与研究机构形成良性互动，推动理论研究和应用研究，合作开展研究并发布研究成果。鼓励建立公益性研究基金，各地鼓励和支持围绕关注创业孵化生态、创业活动规律、孵化行业盈利模式等重点领域的调查与研究，形成一系列研究报告库及典型案例库，编写全国性和区域性孵化器年度发展报告，为孵化器行业健康发展提供强力支撑的理论基础。

	　　五、保障措施

	　　（一）加强组织领导，实现协调发展

	　　各级政府和科技主管部门要高度重视推进大众创新创业工作，深刻认识和牢固把握孵化器激发和服务科技创业的本质，加强对孵化器建设的宏观指导和工作协调，加强重点任务的统筹部署及创新资源的统筹配置。要充分尊重和发挥市场配置资源的决定性作用，减少行政干预，发挥各类市场主体的积极性，遵循创业孵化活动的自然规律，保障创新创业服务活动和相关要素在自由流动、公平竞争、优胜劣汰的市场环境下有序开展。各地科技管理部门以及国家自主创新示范区、国家高新技术产业开发区应结合地方发展实际制定规划，明确战略方向和目标，制定行动计划，探索建立跨部门协同推进机制，搭建有效的联络和指导平台，引导孵化器健康发展。

	　　（二）扩大资金投入，创新资助方式

	　　加大财政资金投入力度，加强对孵化器的宏观引导和公共服务产品供给。创新财政支持方式，丰富和综合运用多种手段，引导孵化器良性发展。运用后补助方式，以孵化业绩指标为考量激励孵化器提高孵化绩效；实施精准资助，激励孵化器切实服务创业团队和初创期企业，引导孵化器重点提升创业辅导、融资、市场开发等“软服务”能力；探索运用“创新创业券”等手段，鼓励创新源头向创业端投入技术成果，促进产学研融合，激励各类专业机构以孵化器为平台向科技创业者和创业企业提供有效服务，培育创业服务市场；发挥财政资金母基金杠杆作用，引导社会资金与民间资金建立天使孵化基金。综合利用各级财政专项资金、小微企业创业创新基地城市示范资金、“双创”示范基地资金等，重点支持孵化机构在研发创新、投资能力、教育培训、导师服务、创业赛事、国际化拓展、品牌性创新创业活动等方面的投入，支持孵化平台建设。

	　　（三）分级分类引导，发挥政府作用

	　　发挥政府在孵化器建设中的引领和推动作用，坚持孵化器分级分类发展。进一步修订《科技企业孵化器认定管理办法》，开展国家级孵化器评定、众创空间备案、科技企业孵化链条试点和众创集聚区示范等工作。研究出台国家关于众创空间、众创集聚区、专业孵化器、科技企业加速器、国际企业孵化器的分类指导意见；根据全国孵化器整体发展水平和规范要求，制定世界一流、区域标杆和行业特色的评价标准和细则，建设一批有国际影响力、区域影响力和行业影响力的高水平孵化器。

	　　（四）完善政策保障，形成组合支持

	　　继续深化落实鼓励高水平高业绩孵化器发展的国家级科技企业孵化器的税收优惠政策并放大政策覆盖面，研究出台面向众创空间等新型创业服务机构的新政策，推动将支持创业孵化机构建设和发展纳入长期公共政策体系。加强对东北地区和中西部地区孵化器的发展支持。推动孵化器率先落实国家和地方政府支持创新创业各项优惠政策，在科技成果转化、商事制度改革、研发费用税前加计扣除等政策实施中做出表率。鼓励地方积极探索推进大众创新创业的新政策，形成政策包，做到精准施策。建立政策实施情况第三方监测与评估机制，为调整完善相关政策举措提供支撑。

	　　（五）强化考评结合，引导资源流动

	　　建立社会评价与政府考核相结合的评估体系，完善监督机制。持续开展孵化器年度审核和动态管理，强化对国家级孵化器和备案众创空间的公示、淘汰机制。完善孵化器火炬统计指标体系，启动众创空间统计工作。提升全国科技企业孵化器信息管理平台的服务水平，拓展孵化器在线统计与申报系统功能。运用大数据技术加强对数据资源的挖掘分析，增加对毕业企业的跟踪评估，为研究孵化企业成长规律、社会贡献以及探索建立毕业企业反哺机制奠定基础。支持行业协会、智库机构等第三方社会组织开展孵化器社会评价，支持各类具有指导性和公信力的评价成果，为创业者、投资人提供决策支持，为政府采购服务提供重要参考。

	　　（六）做好宣传引导，树立创业风尚

	    广泛利用传统媒体和各种新型媒介，及时总结孵化器良好的孵化实践经验和优良的孵化业绩，加大对优秀孵化器及其优秀孵化绩效、新颖高效孵化模式的宣传报道，树立品牌、扩大影响，推广成功经验。积极宣传孵化活动中涌现出来的优秀创业导师、成功投资孵化等典型案例，激励更多的成功企业家和天使投资人投身到创业孵化活动中。积极宣传孵化企业中涌现出来的优秀创业项目、成功创业人物等典型案例，激发出更多潜在创业者的创业意愿并付诸实践。加强国际形象宣传，建立国际化宣传与传播渠道，在国际上形成对中国孵化器与创业企业的良好认知。

			   "
5b98efbb28fe72bfc50506a4, 2017-01-04,市政府关于认定2017年度苏州市技术先进型服务企业的通知,"
			  
	苏府〔2017〕146号

	各市、区人民政府，苏州工业园区、苏州高新区、太仓港口管委会；市各委办局，各直属单位：

	　　根据财政部、国家税务总局、商务部、科技部、国家发展改革委《关于完善技术先进型服务企业有关企业所得税政策问题的通知》（财税〔2014〕59号）以及《苏州市技术先进型服务企业认定管理办法（试行）》（苏府办〔2014〕217号）有关规定，经企业申报、地方审查推荐，市科技局会同市商务局、市财政局、市国税局、苏州地税局、市发改委、苏州工业园区国税局及地税局组织专家评审及网上公示，认定苏州岚云医药科技有限公司、东曜药业有限公司、欧瑞思丹网络技术（苏州）有限公司、高达计算机技术（苏州）有限公司4家企业为2017年度苏州市技术先进型服务企业，现予以公布。

	　　经认定的技术先进型服务企业，将享受国家规定的有关优惠政策。希望技术先进型服务企业继续大力推进企业的技术创新，提高技术服务能力，为我市服务业发展做出应有的贡献。

	　　附件：苏州市2017年度技术先进型服务企业名单

	
		
			
				
					
						序号
				
				
					
						　　企业名称
				
				
					
						　　所在地区
				
			
			
				
					
						　　1
				
				
					
						　　苏州岚云医药科技有限公司
				
				
					
						　　吴江区
				
			
			
				
					
						　　2
				
				
					
						　　东曜药业有限公司
				
				
					
						　　苏州工业园区
				
			
			
				
					
						　　3
				
				
					
						　　欧瑞思丹网络技术（苏州）有限公司
				
				
					
						　　苏州工业园区
				
			
			
				
					
						　　4
				
				
					
						　　高达计算机技术（苏州）有限公司
				
				
					
						　　苏州工业园区
					
						 
				
			
		
	


	 

	苏州市人民政府

	2017年11月17日

	　　（此件公开发布）
附件下载 市政府关于认定2017年度苏州市技术先进型服务企业的通知
			   "
5b98efbb28fe72bfc50506a5, 2017-01-04,市政府关于确定2017年第二批姑苏创新创业领军人才的通知,"
			  
	苏府〔2017〕156号

	各市、区人民政府，苏州工业园区、苏州高新区、太仓港口管委会；市各委办局，各直属单位；各相关单位：

	　　经单位申报、专家评审和考察公示，市政府确定贺辉等82人为 2017年第二批姑苏创新创业领军人才。请各地、各有关部门和单位落实好各项政策待遇，切实支持人才创新创业。希望获得资助的人才，抢抓发展机遇，勇于开拓创新，努力在苏州产业发展、转型升级的新实践中作出新贡献。

	　　附件：2017年第二批姑苏创新创业领军人才名单

	 

	苏州市人民政府

	2017年12月4日

	　　（此件公开发布）
附件下载 市政府关于确定2017年第二批姑苏创新创业领军人才的通知
			   "
5b98efbb28fe72bfc50506a6, 2017-02-06,关于印发《江苏省高新技术企业培育“小升高”计划》的通知,"
			  
	苏科高发〔2017〕269号

	各设区市、县（市、区）科技局（科委），国家高新区管委会：

	　　为贯彻落实《省政府关于加快推进产业科技创新中心和创新型省份建设若干政策措施的通知》（苏政发〔2016〕107号）要求，深入实施科技企业培育“百千万”工程，进一步强化高新技术企业源头培育，形成以高新技术企业为主体的创新型企业集群，我厅研究制定了《江苏省高新技术企业培育“小升高”计划》，现印发给你们，请认真组织实施。

	 

	　　附件：江苏省高新技术企业培育“小升高”计划

	 

	江苏省科学技术厅

	2017年9月25日

	（此件主动公开）

	 
附件下载 《江苏省高新技术企业培育“小升高”计划》
			   "
5b98efbb28fe72bfc50506a7, 2017-02-06,关于印发江苏省科技成果转化贷款风险补偿资金管理办法（试行）的通知,"
			  
	　　详情请看附件。
附件下载 关于印发江苏省科技成果转化贷款风险补偿资金管理办法（试行）的通知
			   "
5b98efbb28fe72bfc50506a8, 2017-02-06,省科技厅印发《关于加快培育发展高新技术产业开发区“一区一战略产业”的意见》,"
			  
	　　详见附件。
附件下载 省科技厅印发《关于加快培育发展高新技术产业开发区“一区一战略产业”的意见》
			   "
5b98efbc28fe72bfc50506a9, 2017-03-09,关于印发《苏州市研发资源共享服务机构绩效管理 实施细则（试行）》和《苏州市研发资源共享服务用户补助实施细则（试行）》的通知,"
			  
	苏科规〔2016〕2号

	各市、区科技局，有关单位：

	　　为深入实施创新驱动发展战略，满足全市科技创新需求，进一步激发科技型企业科技创新活力，现将《苏州市研发资源共享服务机构绩效管理实施细则（试行）》和《苏州市研发资源共享服务用户补助实施细则（试行）》印发给你们，请遵照执行。

	 

	苏州市科学技术局

	2016年6月6日
附件下载 苏州市研发资源共享服务机构绩效补助实施细则 苏州研发资源共享服务用户补助实施细则
			   "
5b98efbc28fe72bfc50506aa, 2017-03-09, 关于印发《苏州市支持新型研发机构建设实施细则（试行）》的通知,"
			  
	苏科规〔2017〕1号

	 

	各市、区科技局，有关单位：

	　　为深入实施创新驱动发展战略，支持我市新型研发机构建设，进一步集聚高端研发资源，更好地实现科技和产业融合、促进科技成果转移转化、培育孵化科技型企业，根据市委、市政府《关于打造产业科技创新高地的若干措施》（苏委发〔2016〕30号），现将《苏州市支持新型研发机构建设实施细则（试行）》印发给你们，请遵照执行。

	 

	苏州市科学技术局

	2017年4月24日
附件下载 苏州市支持新型研发机构建设实施细则（试行）
			   "
5b98efbc28fe72bfc50506ab, 2017-03-09,关于印发《苏州市科技局危险化学品安全综合治理实施方案》的通知,"
			  
	苏科服〔2017〕207号

	各市、区科技局，各有关单位：

	　　现将《苏州市科技局危险化学品安全综合治理实施方案》印发给你们，请结合实际，遵照执行。

	 

	苏州市科学技术局

	2017年6月20日
附件下载 苏州市科技局危险化学品安全综合治理实施方案
			   "
5b98efbc28fe72bfc50506ac, 2017-03-09,关于印发《苏州市高新技术企业培育实施细则（试行）》的通知,"
			  
	苏科规〔2017〕2号

	各市、区科技局，有关单位：

	　　为贯彻落实市委、市政府《关于打造产业科技创新高地的若干措施》（苏委发〔2016〕30号），加大对科技型中小企业研发创新的扶持力度，推动科技型中小企业加快成长为高新技术企业，现将《苏州市高新技术企业培育实施细则（试行）》印发给你们，请遵照执行。

	 

	苏州市科学技术局

	2017年8月29日

	 
附件下载 苏州市高新技术企业培育实施细则(试行）
			   "
5b98efbc28fe72bfc50506ad, 2017-03-09,关于印发《苏州市企业研发机构建设资助细则（试行）》的通知,"
			  
	苏科资〔2017〕295号

	 

	各市、区科技局，有关单位：

	　　为深入实施创新驱动发展战略，支持我市企业研发机构建设，争取国家、省级研发机构在苏布局，根据市委、市政府《关于打造产业科技创新高地的若干措施》（苏委发〔2016〕30号），现将《苏州市企业研发机构建设资助细则（试行）》印发给你们，请遵照执行。

	 

	苏州市科学技术局

	2017年10月10日
附件下载 苏州市企业研发机构建设资助细则
			   "
5b98efbc28fe72bfc50506ae, 2017-03-09,关于公布苏州市科学技术局继续有效的规范性文件目录的通知,"
			  
	苏科政〔2017〕278号

	各市、区科技局，各有关单位：

	　　根据《市政府办公室关于做好“放管服”改革等涉及的规章和规范性文件清理工作的通知》（苏府办〔2017〕235号）文件精神，涉及局部门规范性文件22件，经过梳理和各职能处室的认真校核，经8月21日上午局办公会议通过并报市政府法制办备案。现将继续保留有效的规范性文件目录予以公布（见附件），未公布的规范性文件作废止、失效和修改处理。

	　　附件：苏州市科学技术局继续有效的规范性文件目录

	 

	苏州市科学技术局

	二○一七年九月六日
附件下载 附件：苏州市科学技术局继续有效的规范性文件目录（2017）
			   "
5b98efbc28fe72bfc50506af, 2017-03-09, 关于印发《苏州市科学技术局行政执法全过程记录制度（试行）》的通知,"
			  
	苏科政〔2017〕323号

	局各处室、各直属单位：

	　　为进一步规范我局行政执法行为，完善行政执法程序，加强行政执法监督，确保行政执法人员严格、规范、公正、文明执法，根据市政府办公室《关于印发苏州市行政执法全过程记录制度的通知》（苏府办〔2016〕245号）精神，结合我局行政执法工作实际，制定《苏州市科学技术局行政执法全过程记录制度（试行）》，现予以印发，请遵照执行。

	　　

	苏州市科学技术局

	2017年11月7日
附件下载 苏州市科学技术局行政执法全过程记录制度（试行）
			   "
5b98efbc28fe72bfc50506b0, 2017-03-09,关于印发《 苏州市科学技术局重大行政执法决定法制审核制度（试行）》的通知,"
			  
	苏科政〔2017〕324号

	局机关各处室，各直属单位：

	　　现将《苏州市科学技术局重大行政执法决定法制审核制度（试行）》印发给你们，请结合实际，认真遵照执行。

	 

	苏州市科学技术局 

	2017年11月7日
附件下载 苏州市科学技术局重大行政执法决定法制审核制度（试行） 苏州市科学技术局重大行政执法决定法制审核范围和标准
			   "
5b98efbc28fe72bfc50506b1, 2017-03-09,关于印发《苏州市科学技术局行政执法公开制度（试行）》的通知,"
			  
	苏科政〔2017〕325号

	局各处室、各直属单位：

	　　为推进依法行政，完善监督机制，保证行政执法行为的公开、公平、公正，现将《苏州市科学技术局行政执法公开制度（试行）》印发给你们，请结合工作实际认真执行。

	                                         

	苏州市科学技术局

	2017年11月7日

	 

	 

	 
附件下载 苏州市科学技术局行政执法公开制度（试行）
			   "
5b98efbc28fe72bfc50506b2, 2017-03-09,关于印发《苏州市众创空间管理实施细则（试行）》的通知,"
			  
	苏科规〔2017〕3号

	各市、区科技局，有关单位：

	　　为加快实施创新驱动战略，营造良好的创新创业生态环境,根据《关于打造产业科技创新高地的若干措施》（苏委发〔2016〕30号）,现将《苏州市众创空间管理实施细则（试行）》印发给你们，请遵照执行。

	 

	苏州市科学技术局

	2017年11月16日
附件下载 附件1：苏州市众创空间申请表 附件2：苏州市众创空间绩效管理标准 苏州市众创空间管理实施细则（试行）
			   "
5b98efbc28fe72bfc50506b3, 2017-01-19,关于“创新发展十项重点工程”的政策解读,"
			  
	　　一、起草背景和过程

	　　去年以来，国家、省、市先后召开了创新大会，对实施创新驱动发展战略进行了整体谋划和系统部署，市委市政府专门制定出台了“3+1”系列政策文件，为推进全市科技创新工作提供了指引和保障。为做好会议精神及“3+1”政策文件的贯彻落实、确保科技创新工作取得实效，按照市领导指示，市科技局会同市人才办、发改、经信、商务、知识产权、质监、金融办等部门共同开展了“十项工程”的起草工作。起草过程中，市领导多次召集相关部门分析研讨，提出指导意见。各部门按照指导意见进行了多轮修改，并由市政府办公室向各市区、各相关部门征求了意见。

	省委李强书记提出“创新四问”后，我们深入学习、深刻领会，紧扣“创新四问”内涵要求，调整优化了“十项工程”框架体系与工程内容，补充了2017年重点推进实施的创新项目。去年12月22日, 曲市长、吴市长召开专题会议,听取情况汇报，提出了进一步修改完善的具体要求。市政府办公室根据专题会议精神，再一次向各市区、各部门征求意见。我们根据会议要求及反馈意见，在修改过程中予以了落实。12月30日，市政府常务会议审议通过。

	　　二、主要特点

	　　“十项工程”深入贯彻落实国家、省、市科技创新大会和省、市党代会精神，特别是李强书记提出的“创新四问”要求，以打造创新高地、实现引领性发展为统领，以提升原创能力为突破，以培育标志性企业、标志性产业为核心，以营造开放性、包容性创新生态系统为支撑，全面深入实施创新驱动发展战略，为当好“新江苏”建设排头兵和先行军提供有力支撑。

	　　一是突出原创能力的提升。以实施科技创新载体建设工程、关键技术攻关工程为抓手，切实加强新型研发机构、科技基础设施、高校与科研院所等创新源头的培养培育，强化前瞻性技术创新部署，推动重点领域和关键环节的重大技术攻关，加大原创性技术供给，争取在若干关键节点技术创新水平进入国际先进行列，为我市产业迈向价值链中高端提供有力支撑。

	　　二是突出标志性企业、标志性产业的培育。围绕促进产业结构战略性调整，以实施智能制造发展工程、服务业新业态新模式创新工程、大数据特色产业园建设工程为抓手，加快互联网等新型业态培育和商业模式创新，推动制造业向产业链、价值链高端攀升；围绕破解企业创新能力和动力不足难题，以实施企业互联网融合提升工程、企业创新国际化示范工程为抓手，提升企业创新发展能力，推进高水平企业研发机构建设，强化产学研协同创新，提升开放创新水平，培育一批创新型地标企业和高新技术企业群体，不断强化企业创新主体地位和主导作用。

	　　三是突出开放性、包容性生态系统的营造。以实施产业创新创业人才集聚工程、科技创新投融资服务工程、创新服务平台建设工程为抓手，充分发挥市场配置创新资源的决定性作用和政府对创新的引导推动作用，促进创新要素自由流动和合理配置，形成有利于科技创新、有利于出创新成果的生态系统。

	　　为确保“3+1”政策文件的落地实施，各市区、各有关部门对照“十项工程”重点目标任务，梳理筛选了一批重点创新项目。项目筛选的主要原则：一是聚焦创新，围绕科技创新的主要环节和重点领域，设置了创新平台载体、关键技术攻关、创新示范应用、科技成果转化、创新公共服务五个类别；二是聚焦项目实施成效，这些项目或是2017年启动实施，或是近期已经启动实施、2017年有明显进展；三是聚焦文件政策之间的衔接配合，筛选上来的项目与“十项工程”和配套政策在逻辑上互相呼应，形成了以“3+1”政策文件为系统设计、以“十项工程”为工作举措、以重点项目为抓手的工作推进体系。

	　　三、工作推进

	　　为抓好“十项工程”的落实推进，下阶段，我们将重点做好以下工作：

	　　一是强化组织领导。各地、各相关部门要按照通知要求把实施十项重点工程摆到更加突出位置，强化领导分工、健全责任机制、细化目标要求、加强协同推进，确保各项工程既定目标任务落到实处。

	　　二是加大扶持力度。持续加大财政投入力度，保障“十项工程”的深入推进。同时，将落实“3+1”政策文件与组织实施“十项工程”有机结合起来，加快推进各类重点创新项目。

	　　三是开展监督检查。加强对各项工作任务的分类落实、动态跟踪和监督检查，强化部门之间的沟通衔接，加大对相关领域重点难点问题的协调推进力度，引导各地各部门有力有序推进十项重点工程建设。

	　　四是加强氛围营造。精心举办各类创新创业赛事活动，加大表彰奖励与宣传力度，广泛开展科普宣传，大力倡导包容创新、宽容失败、崇尚竞争、富有激情、力戒浮躁的创新文化，努力营造有利于创新创业的社会氛围。

			   "
5b98efbc28fe72bfc50506b4, 2017-01-19,《“十三五”现代服务业科技创新专项规划》解读,"
			  
	　　1.目前现代服务业表现出哪些新特征和新趋势？

	　　当前全球产业结构由“工业型经济”向“服务型经济”加速转型，“十二五”期间我国服务业增加值占GDP的比重也从44.2%上升到50%左右。现代服务业的面貌日新月异，主要呈现以下特点和趋势：一是以云计算、大数据、移动互联网、物联网、务联网和新型终端技术等为代表的新一代信息技术正带动服务计算、知识图谱等技术深入研究和应用，为现代服务业发展提供了更好的技术基础和更大的发展空间。二是新材料、装备、能源及生物技术等领域不断取得突破，信息技术与各个领域交叉融合的速度正在加快，促使第一、二产业与现代服务业更加深度融合，催生云制造、数字医疗等新业态，现代服务业呈现出“跨界融合”的新态势与新特征。三是现代服务业进一步向全球化、专业化、网络化深化发展，由技术原创驱动的服务创新和规则制定成为未来服务业竞争的重要内容。四是商业模式创新成为现代服务业竞争的核心要素，行业融合、垂直整合、平台经济、特种定制、一站式集成服务将成为未来发挥主导作用的商业模式。

	 

	　　2.“十三五”现代服务业科技创新专项规划的主要特点。

	　　一是继承性。“十三五”现代服务业科技创新专项规划（以下简称《规划》）是在对“十二五”现代服务业科技创新规划各项工作落实情况的评估、现代服务业“十三五”前期战略研究的基础上进行编制的，保证了与现代服务业科技创新推进工作和研究工作的连贯性和一致性。

	　　二是阶段性。“十三五”处于我国经济和科技发展的重要阶段，其一，是落实《国家中长期科学和技术发展规划纲要（2006－2020）》的最后五年，《规划》要实现其对现代服务业发展提出的要求；其二，“十三五”期间我国经济、社会和科技等发展进入新阶段，例如经济发展步入新常态、社会发展进入全面建设小康社会时期，《规划》将充分反映和体现这些变化对现代服务业科技创新提出的新的阶段性要求；其三，云计算、大数据、物联网等新兴技术快速进步和商业模式创新不断涌现对现代服务业发展提出了网络化、便捷化等新要求，《规划》反映了当前现代服务业发展的阶段性特征。

	　　三是前瞻性。新一轮科技革命和产业变革正在孕育兴起，新兴技术对现代服务业的影响的速度越来越快，范围越来越大，未来现代服务业的平台性、跨界性、共享性、体验性等趋势越来越明显。《规划》针对未来发展趋势，把握新技术发展和新业态变革的特点，体现平台经济、分享经济、“互联网+”等新科技、新经济、新业态的发展需求，对未来五年，甚至更长时间的服务业科技创新进行部署。

	　　四是体系性。《规划》从全局和系统的角度对“十三五”服务业科技发展进行整体谋划，形成“142”体系框架，即一大支柱（基础理论和共性技术）、四个重点领域（生产性服务业、新兴服务业、文化与科技深度融合发展、科技服务业）、两大支撑体系（科技创新体系、产业发展支撑体系）。

	 

	　　3.十三五期间现代服务业科技创新规划的总体部署是什么？

	　　《规划》总体部署为“142”体系框架：

	　　“1”为现代服务业理论研究和共性关键技术研发，研究开发现代服务业领域发展所需的基础理论、共性技术，为现代服务业可持续发展提供基础保障。

	　　“4”为四个重点领域。一是生产性服务业，主要包括电子商务、现代物流和现代金融三个方向。二是新兴服务业。主要包括数字生活、健康养老、数字教育、智慧交通等四个方向。三是推进文化与科技深度融合发展”。根据《国家文化科技创新工程纲要》（2012）、国务院《关于推进文化创意和设计服务与相关产业融合发展的若干意见》（2014），选择民族民间文化资源服务、文化艺术展演服务、内容知识服务、影视媒体服务、文化旅游服务和文化创意设计服务等六大领域重点布局。 四是科技服务业。主要考虑围绕落实《关于加快科技服务业发展的若干意见》，以研究开发及其服务、技术转移、创业孵化、知识产权、科技咨询、科技金融、检验检测认证、综合科技服务等八个方向为重点。

	　　“2”为两大支撑体系。一是现代服务业科技创新体系建设，主要从建设新型智库、布局重大创新基地、提升企业创新能力、构建创新网络等四个方面软支撑进行部署。二是现代服务业发展支撑体系，主要从投入、人才、创新政策等三个硬支撑方面进行部署。

	 

	　　4.“十三五”特别强调了加强服务业理论基础和共性关键技术的突破，目的和思路是什么？

	　　基础理论和共性关键技术一直是我国现代服务业发展的薄弱环节，导致我国服务业领域技术原创性、发展引领性不足，创新平台支撑不够，技术水平不高，服务效率和效益仍然较低，特别是创新商业模式和标准规范制定方面相比国际先进水平差距较大，严重制约了我国现代服务业企业综合竞争力的提升。为解决以上问题，《规划》围绕“提升服务能力与品质、提升服务效率与效益、提升服务安全与信用”三个重点问题，重点部署目前急需的基础理论、共性技术的攻关。

	　　一是构建现代服务业科学理论体系。从服务业的最底层网络开始，到服务的提供和交易，覆盖服务业价值链的主要环节，重点推进网络理论和技术体系、服务供给的基础理论、服务模型和设计方法、服务安全和信用理论和基础技术等领域的研究。

	　　二是攻克共性关键技术。重点针对现代服务业发展新趋势、新热点中的共性技术问题，进行重点部署，特别是服务的集成、协同与融合的共性技术，服务供给和交易的智能化技术，服务数据和内容的展示、分析和管理技术，信用管理技术等。

	 

	　　5. 文化科技融合创新是推动现代服务业发展不可或缺的力量,与十二五相比，《规划》重点领域新增“推进文化与科技深度融合发展”部分，《规划》如何部署？

	　　2012年科技部等六部委联合发布《国家文化科技创新工程纲要》以来，科技部积极推动建立文化科技创新融合工程部际联席会议制度，开展文化科技融合与创新的部际会商，充分发挥科技创新对文化相关服务业发展的引领作用，不断提升我国文化软实力和国际影响力。

	　　十三五《规划》，基于当前文化科技融合发展新趋势的研判，根据《国家文化科技创新工程纲要》（2012）和《关于推进文化创意和设计服务与相关产业融合发展的若干意见》（国发〔2014〕10号）的要求，选择民族民间文化资源服务、文化艺术展演服务、内容知识服务、影视媒体服务、文化旅游服务和文化创意设计服务等六大领域进行重点布局。在具有部署上，重点开展三维成像与智能交互、声光电一体控制与多维综合展演、数字版权管理与服务技术等关键技术和共性应用技术研发，建设开放式专业内容资源知识服务众智平台、开放式文化旅游综合服务云平台、文化创意设计电子商务交易服务平台等集成服务平台，实施文化艺术展演技术集成应用示范、线上线下数字文化旅游综合服务集成应用示范等示范工程。

	　　《规划》在注重“互联网+”、虚拟现实等数字新技术同时，加强文化领域技术集成创新、模式创新与应用推广，继续统筹整合文化科技创新资源，推进文化科技创新战略重大研究，建立文化科技创新体系，支撑文化科技深度融合，推动文化科技创新合力提升。

	 

	　　6. 科技服务业为经济社会发展提供智力服务和科技支撑，十三五《规划》中对做大做强科技服务业如何考虑，怎样部署？  

	　　十三五《规划》主要考虑落实《关于加快科技服务业发展的若干意见》（国发〔2014〕49号）重要部署，以及李克强总理在2016年中央经济工作会议上指出的“激发市场转化科技成果强力，培育技术和股权期权市场，拓展技术和知识产权交易平台，发展科技服务业”的新要求，以满足科技创新需求和提升产业创新能力为导向，重点选择研究开发及其服务、技术转移、创业孵化、知识产权、科技咨询、科技金融、检验检测认证、综合科技服务等八个方向。

	　　在具体部署上，重点开展科技资源精准服务技术、网络化检测终端装备、虚拟孵化精准需求匹配与智能推送技术、知识产权数据挖掘与深度加工技术等领域关键技术研发，制定相关科技服务业业务标准，建设科技咨询公共服务平台、知识产权运营公共服务平台等科技服务业平台，实施技术转移服务应用示范、创业孵化综合服务平台应用示范、知识产权服务应用示范等,加强科技创新和商业模式创新，培育和壮大科技服务市场主体。

	　　《规划》为大幅增强服务科技创新能力，明显提升科技服务市场化水平和国际竞争力，实现2020年基本形成覆盖科技创新全链条的科技服务体系做好部署，为实现科技服务业产业规模达到8万亿元做好支撑。

	 

	　　7. 《规划》如何强化现代服务业发展支撑体系？

	　　答：《规划》提出“十三五”期间将主要从投入、人才和创新政策等三个方面进行部署。在投入方面，以形成多元投入机制为重点，引导各类资金投入现代服务业科技创新。在人才供给方面，坚持引进与培养相结合，创新人才培养模式，完善现代服务业学科和人才培养体系。在构建创新政策体系方面，重点强化现代服务业创新成果的知识产权保护、加快完善高新技术企业和技术先进型服务企业认定标准、完善新商业模式的准入管理机制等。

	 

	　　8.“十三五”期间将主要从哪些方面完善现代服务业创新体系？

	　　答：“十三五”期间将主要从建设新型智库、布局重大创新基地、提升企业创新能力、构建创新网络等四个方面进行部署。在建设新型智库方面，重点支持一批有条件的综合研究机构建设成为现代服务业新型智库。在优化创新基地布局方面，继续支持及新部署一批现代服务业国家重点实验室、国家工程(技术)研究中心，同时建立和完善政府资助的现代服务业创新服务平台绩效考核评价、财政补助和推优升级制度。在提升企业创新能力方面，主要考虑通过企业技术创新中心建设，提升创新能力，支持有条件的现代服务业企业独立或联合高校、科研院所建立企业技术中心，大力吸引外资企业在我国单独或联合设立现代服务业技术研发中心。在构建创新网络方面，要积极主动融入全球创新网络，统筹考虑国家现代服务业发展需求和战略目标，开放部分现代服务业科技计划项目，同时推动现代服务业自主标准国际化。

	 

	来源：科技部门户网站

			   "
5b98efbc28fe72bfc50506b5, 2017-01-19,图解“十三五”先进制造领域科技创新专项规划,"
			  
	　　详见附件。
附件下载 图解“十三五”先进制造领域科技创新专项规划
			   "
5b98efbc28fe72bfc50506b6, 2017-01-19,图解《国家创新调查制度实施办法》,"
			  
	

	 

			   "
5b98efbc28fe72bfc50506b7, 2017-01-19,【政策解读】《关于聚力创新深化改革，打造具有国际竞争力人才发展环境的意见》,"
			  
	　　本文政策来源：

	　《关于聚力创新深化改革，打造具有国际竞争力人才发展环境的意见》苏发【2017】3号——中共江苏省委

	　　本文数据来源：江苏省人民政府网

	 

	　　2017年1月20日，江苏省委印发《关于聚力创新深化改革，打造具有国际竞争力人才发展环境的意见》，贯彻落实中央《关于深化人才发展体制机制改革的意见》精神,按照省第十三次党代会部署要求，以体制机制改革的深入，充分激发市场活力，努力形成人才脱颖而出、公平竞争的氛围和环境，为建设强富美高新江苏提供有力的人才支撑。

	 

	　　关键词一：培养

	　　（1）创新人才教育培养模式

	　　积极推进产教融合，支持企业科技人才到高校兼职，开设学分课程、联合指导研究生。

	　　实施大学生企业工程师培育计划，鼓励优秀大学毕业生到企业工作。实施弹性学制，支持大学生保留学籍休学创业。

	　　（2）推进人才培养支持计划改革

	　　更好发挥本土人才作用，改进人才培养支持方式，推行以奖代补、跟奖跟补，实现奖励与贡献实绩挂钩。加强目标管理，强化滚动培养，落实退出制度，提高培养绩效。

	　　（3）铸造新型企业家队伍

	　　实施百千科技企业家培育工程、千名青年企业家接力计划，培养一批既通科技又懂市场的复合型创新创业人才和一批优秀青年苏商。

	　　（4）培养技艺精湛的技能大军

	　　积极发掘和培养各领域能工巧匠、民间艺人等乡土人才，加强乡土人才技能培训和技艺传承。实施新型技能大军培育工程，拓宽职业发展通道，不断提高技术技能人才经济待遇和社会地位。

	 

	　　关键词二：引进

	　　（1）着力引进金字塔塔尖人才

	　　对引进世界一流的顶尖人才团队，一事一议、特事特办，最高给予1亿元项目资助。

	　　（2）激发企事业单位引才活力

	　　建立引才奖补制度，对引进高层次人才的企事业单位，通过跟奖、跟补等方式，在引才投入、租房补贴、项目资助等方面给予支持。

	　　奖励引才中介，对引进顶尖人才或团队的，由省财政给予引才中介50-100万元奖励。

	　　（3）打造开发区产才融合新高地

	　　引导各类开发区围绕做大做强优势产业，集聚特色产业人才，打造一批“产业+人才”特色小镇。

	　　（4）强化人才供需精准对接

	　　建设“江苏人才云”大数据平台，绘制全球高层次人才地图。定期举办海内外江苏人才交流活动和产业科技活动，畅通全球人才对接联系渠道。

	 

	　　关键词三：使用

	　　（1）坚持市场评价体系

	　　坚持市场发现、市场评价、市场认可，把人才享受的薪酬待遇、创造的市场价值、获得的创业投资等作为人才评价的重要依据。

	　　（2）创新人才激励政策

	　　鼓励企事业单位通过股权、期权、分红等激励方式，调动科研人员创新积极性。有条件的市、县应当对本地产业发展有特殊贡献的科研人员予以奖补，奖补数额可相当于其缴纳的个人所得税。

	　　（3）支持科研人员投身创业

	　　鼓励高校、科研院所等事业单位科研人员依法依规适度兼职兼薪、创新创业。兼职取得的报酬原则上归个人，建立兼职获得股权及红利等收入报告制度。

	　　（4）积极发展人才金融

	　　推出“人才投”“人才贷”“人才保”等金融产品，对设区市以上人才计划入选者提供最高1500万元的信用贷款。

	　　（5）畅通人才流动渠道

	　　研究制定优秀人才在党政机关、企事业单位、社会组织之间合理流动的政策措施。完善苏北人才发展计划，鼓励和引导人才向苏北、基层一线和特殊行业流动。

	　　（6）推行创新创业容错免责政策

	　　立足鼓励探索，坚持权责一致，研究制定支持人才创新创业决策中的容错免责政策。

	 

	　　关键词四：保障

	　　（1）保障和落实用人主体自主权

	　　转变政府人才管理职能，建立管理服务权力清单和责任清单，消除对用人主体的过度干预。深化职称制度和职业资格改革，合理界定和下放职称评审权限。

	　　（2）坚持人才发展多元投入

	　　各级政府建立稳定增长机制，足额安排人才专项资金，纳入财政预算。省财政今后3年支持“一中心、一基地”建设的1000亿元省级各类资金和基金，用于人才发展的实际支出不低于30%。

	　　（3）完善人才生活服务保障

	　　鼓励通过建设人才周转公寓、购买或租赁商品住房向人才出租、发放购房租房补贴等形式，多渠道解决人才阶段性居住需求。建立人才健康档案和补充医疗保险，优先为高层次人才配备家庭医生。

	　　（4）扩大人才国际交流便利

	　　支持教学科研人员参与国际学术交流，实行区别于党政干部管理政策，根据任务需要合理安排。

	　　（5）营造尊才重才的社会环境

	　　建立人才维权快速援助机制，完善人才奖励制度，培育鼓励创新、宽容失败的创新创业文化。

	 

	　　关键词五：核心

	　　（1）构建党管人才新格局

	　　完善党委统一领导，组织部门牵头抓总，人社、教育、科技、财政等部门各司其职、密切配合，社会力量发挥重要作用的人才工作新格局。落实党委（党组）书记人才工作第一责任人责任。

	　　（2）发挥党组织凝聚人才作用

	　　健全党政领导干部直接联系人才制度，畅通人才参政议政、建言献策渠道。

	　　（3）分层分类推进改革试点

	　　加快苏南人才管理改革试验区建设和南京江北新区等人才管理制度创新，支持省产业技术研究院开展人才综合改革试点。

	　　（4）建立全面考核体系

	　　将人才工作履责情况作为落实党建工作责任制述职的重要内容、人才发展绩效纳入经济社会发展综合考核体系、人才资源信息统计列入全省社会统计体系。

			   "
5b98efbc28fe72bfc50506b8, 2017-01-19,《国家重点研发计划重点专项项目预算评估规范》解读,"
			  
	　　为进一步规范国家重点研发计划管理，充分发挥预算评估的作用，切实提高财政资金使用效益，让科研人员能够更科学合理地编制重点专项项目预算、了解预算评估工作，现就新修订的《国家重点研发计划重点专项项目预算评估规范》（以下简称《评估规范》）说明如下。

	　　一、关于起草《评估规范》的考虑

	　　在科技计划预算管理流程中探索开展预算评估，对改进和规范项目预算管理、提高资金使用效益、提高科研人员预算管理理念等方面有重要的推动作用，预算评估已逐渐成为预算管理的一项重要手段。通过多年实践，预算评估工作积累了丰富的经验和大量评估数据、报告。在工作内容上，预算评估注重专项经费总量和结构的科学合理、预算内容的目标相关、政策相符和经济合理；在操作上，评估流程中设计了与项目申报单位进行沟通反馈的内容；在技术上，要求评估机构根据政策变化调整技术手段和方法。

	　　随着国家科技计划项目和预算管理改革不断深化，以及《关于进一步完善中央财政科研项目资金管理等政策的若干意见》和《国家重点研发计划资金管理办法》（财科教[2016]113号）等陆续出台，国家重点研发计划组织管理流程和实施主体发生了较大变化，其预算评估规范需要进一步完善和优化，以适应新的形势要求和变化。为此，科技部在原有工作的基础上，结合近年来预算评估工作经验，形成了《国家重点研发计划重点专项项目预算评估规范》。在起草过程中，组织来自高校、院所和企业等单位的专家、学者进行了多次座谈，并根据各方意见进行了修改完善；先后征求了相关部门、专业机构及项目承担单位的意见和建议。

	　　二、《评估规范》制定中把握的主要原则

	　　制定《评估规范》的总体思路是：以“优化评估程序和方法，规范预算评估行为，健全沟通反馈机制”为重点，全面贯彻落实中央财政科技计划和项目资金管理改革精神，遵循科研活动规律，科学规范开展预算评估工作。在制定《评估规范》过程中把握以下原则：

	　　1.坚持边界清晰原则。明确管理部门、专业机构、预算评估机构的工作内容、范围与界限，专业机构委托评估机构独立组织预算评估工作，评估机构对拟立项项目任务的经费预算提出评估意见，不对项目研发内容、技术路线和考核指标等技术内容发表评估意见。管理部门对预算评估工作进行整体监督。

	　　2.预算评估遵循“三性”原则。把目标相关性、政策相符性和经济合理性原则作为指导预算评估的总原则，按照“三性”原则组织重点专项项目预算评估。《评估规范》按照以任务目标为依据，尊重科研规律，预算的结构、范围及标准符合国家财经法规和科技经费管理制度的要求，测算依据应充分，保障研究任务开展、提高财政资金使用效益。

	　　3.评估流程简化优化原则。全面落实50号文精神，真正让政策落实落地，在评估流程上进行简化优化，主要包括：将以前的形式评估和初评合二为一，优化了评估流程；简化预算初评工作内容，初评以发现预算编制依据不足、材料不齐、相关性必要性不大、需要进一步解释问题为主，不出具综合性评估结论，加快评估进度；评估过程中与科研人员进行沟通反馈，提高预算评估实施效率等。

	　　4.坚持评估质量导向原则。保证评估质量，规范评估程序、改进评估方法，建立和完善评估过程中的沟通反馈机制，加强信息沟通的痕迹化管理，以保证独立、客观、公正、科学的评估结论，并自觉接受有关方面的监督。

	　　三、预算评估实施主体和评估总体要求

	　　《资金管理办法》规定“专业机构委托相关机构开展项目预算评估”，并明确了承接预算评估的机构应具备的评估条件。按《资金管理办法》要求，预算评估委托专业化、规范化的预算评估机构，按照《评估规范》组织开展预算评估。预算评估前，专业机构与评估机构双方应签订工作约定书，明确权利义务，评估机构应在15个工作日内完成预算评估工作。专业机构根据预算评估结果，提出重点专项项目预算安排建议。

	　　对预算评估工作，明确应根据研发任务目标要求和不同单位实际情况，科学评价项目预算，不得简单按比例核减预算。预算评估应当健全沟通反馈机制，实现信息公开，接受各方监督。

	　　四、主要环节和作用

	　　为了保证预算评估程序的规范性，《评估规范》明确了预算评估应包括专家遴选、初评、初评意见反馈、综合评估、报告形成与提交五个环节，并明确了每个环节的具体要求。五个环节中，专家遴选、报告形成与提交是评估机构的内部工作环节，初评意见反馈是评估机构与申报单位和科研人员沟通初评内容的环节，初评和综合评估两个环节主要审核预算申报材料。

	　　预算初评的主要目的，是通过对直接费用预算的政策相符性、目标相关性和经济合理性进行评价与分析，找出需要申报单位进一步说明的重点疑点问题。

	综合评估的主要目的，是评估机构结合项目申报单位提交的说明材料、初评结论和沟通反馈的情况，组织召开咨询专家会议，通过集中讨论与分析，形成咨询专家意见及项目综合评估结论。

	　　《评估规范》明确提出，项目评估结论应在综合分析预算申报材料、项目申报单位提交的说明材料、咨询专家意见等多方面信息基础上得出。

	　　五、评估反馈机制和内容

	　　预算评估工作早期阶段在评估流程中没有安排沟通反馈机制，但经常有项目因为政策理解偏差、预算编制疏忽、经验不足等原因，又没有合适的方式进行沟通交流，造成预算评估出现偏差。为了妥善解决这些问题，预算评估流程中增设了沟通反馈环节，将预算初评意见和预算中存在的问题反馈给项目申报单位，由申报单位进行解释和进一步说明，评估专家组根据单位说明形成最终意见。

	　　评估过程中的沟通反馈机制，给申报单位和科研人员提供了补充材料和说明的机会，进一步提高评估结果的科学性，受到科研人员的充分肯定。《评估规范》明确要求评估机构完成初评工作后，需将初评意见通过国家科技管理信息系统反馈给项目申报单位。

	　　反馈意见包括与政策不相符合的问题、预算内容与研发任务的相关性和必要性问题、预算价格与数量的经济合理性问题、预算说明不够详细预算依据不充分问题、预算科目内容交叉重复问题、专项经费与自筹经费预算内容未明确分开问题等，申报单位需要对初评反馈问题有针对性的解释和说明。原则上，补充说明材料是对原预算的解释和细化，可补充提供报价单等预算依据，但不应推翻、修改或重编预算。

	　　六、评估专家选择和管理

	　　为了确保评估咨询专家的公平选择和专业性，《评估规范》明确提出，评估机构根据被评项目任务特点从国家科技专家库中选取咨询专家，抽取专家应遵守《国家科技专家库管理办法（试行）》（国科办创〔2017〕25号）和《评估规范》相关规定。抽取专家按规定在监督指导下进行。

	　　根据分组项目任务数量和项目任务经费体量，各组咨询专家由5-9人组成，包含1-3名财务或管理方面专家，其余为技术专家；由于预算评估的专业性、技术性较强，可根据需要特邀部分参与过政策研究或预算评估的专家，包括财务、管理和技术专家，每组特邀专家不超过3名。

	　　评估机构应对聘请的咨询专家进行评估前培训，使咨询专家了解评估要求、评估原则，掌握评估方法。在评估组织过程中，不同类型专家分工配合，共同完成项目任务预算评估。

	　　七、评估公正性与质量控制体系

	　　评估机构要在原有科技计划（专项）项目（课题）预算评估经验基础上，对国家重点研发计划重点专项项目（课题）预算评估方法进行改进和完善，一方面要根据新的政策要求和重点专项特点审核预算内容，对政策对比法、专家经验法、案例参照法等方法进行改进；另一方面，除了评价单个项目外，还要综合考虑重点专项的整体目标，对目标任务对比法等技术方法进一步研究改进。严禁简单按比例对项目（课题）预算进行核减。

	　　评估机构要制定工作方案和评估手册，对评估工作、活动组织和相关人员进行约束，在评估规则指导下开展评估，采取培训、进度控制、行为控制、痕迹化管理、评估管理审查等措施，对评估活动进行质量控制。行为控制是评估组织的基本原则，评估培训、进度控制、痕迹化管理、评估管理审查等是保障评估可信和评估结果质量的技术性措施。

	　　评估机构须遵守国家法律法规和评估行业规范，独立开展预算评估工作，有义务配合专业机构了解相关评估文档；专家应当具备评估所需的专业能力，恪守职业道德，不得利用评估谋取不当利益。

	　　建立专业机构、评估机构、专家、项目负责人或申报单位在预算评估活动中的信用记录和动态调整机制，实现对预算评估工作的有效监督。专业机构、评估机构均有义务接受科技部、财政部等的检查和监督。 

	来源：科技部

	 

			   "
5b98efbc28fe72bfc50506b9, 2017-01-19,《国家高新技术产业开发区“十三五”发展规划》解读,"
			  
	　　为进一步贯彻落实《国家创新驱动发展战略纲要》、《国家中长期科学和技术发展规划纲要（2006-2020年）》和《“十三五”国家科技创新规划》，立足新的发展形势，充分发挥国家高新技术产业开发区(以下简称“国家高新区”)领先优势，促进国家高新区战略提升，实现引领型发展，科技部近日印发了《“十三五”国家高新技术产业开发区发展规划》。为便于相关部门结合自身情况做好落实工作，科技部高新司相关负责人对《“十三五”国家高新技术产业开发区发展规划》（以下简称《规划》）进行了解读。

	　　1.请简要介绍一下《规划》出台的背景。

	　　“十二五”期间，国家高新区围绕科学发展主题和加快转变经济发展方式主线，在实施创新驱动发展战略中发挥了标志性引领作用，成为走中国特色自主创新道路的一面旗帜，成为我国高新技术产业发展最为主要的战略力量。经过20多年尤其是过去五年的发展，国家高新区承载“四位一体”的战略使命，着力推进“五个转变”，正在迈入全面创新示范和战略引领的新阶段。目前，国家高新区队伍扩大到156+1家，国家自主创新示范区达到17家，战略位势显著提升。

	　　国家高新区发展到今天，面临一个新的变革期。世界已经进入以信息产业为主导的新经济发展时期，新一轮科技革命和产业变革正孕育兴起，中国经济发展进入新常态，以五大发展理念为引领，加大供给侧结构性改革成为经济社会主线。《国家创新驱动发展战略纲要》提出将创新驱动发展作为国家的优先战略，全国科技创新大会吹响建设世界科技强国的号角。“大众创业、万众创新”、“一带一路”、“京津冀协同发展”、“长江经济带”、“互联网+”、“中国制造2025”等一系列国家战略正在深入实施。随着国家全面深化改革，统一开放、竞争有序的市场体系正逐渐形成。主要依靠资源要素投入、规模扩张的粗放发展模式已难以为继。国家高新区迫切需要以战略提升为导向谋划实现高水平的科学发展。立足新的形势，国家高新区必须要准确把握战略机遇期内涵和条件的深刻变化，要全面发挥自身的领先优势，全面实施创新驱动发展战略，着力在优化结构、转换动力上取得突破，切实转变发展方式，努力构筑国家先发优势，开拓发展新境界。

	　　为落实中央创新驱动发展战略和有关科技创新重大决策部署，立足新的发展形势，充分发挥国家高新区领先优势，促进国家高新区战略提升，实现引领型发展，科技部编制印发了该《规划》。

	　　2.《规划》的指导思想和发展目标是什么？

	　　指导思想：以“发展高科技、培育新产业”为方向，坚持科技创新和制度创新双轮驱动，优化国家高新区、自创区战略布局，着力营造产业生态和创新创业生态，发展新经济，培育新动能，塑造更多依靠创新驱动、更多发挥先发优势的引领型发展，实现经济、科技、社会、生态和谐统一，有效支撑和引领我国经济中高速增长、迈向中高端水平，为我国建设创新型国家和世界科技强国做出应有的贡献。

	　　战略定位：将国家高新区建设成为具有重大引领作用和全球影响力的创新高地，培育和发展战略性新兴产业的关键载体，转变发展方式和调整经济结构的重大引擎，成为建设创新型国家和世界科技强国的重要支点。将国家自创区建设成为体制机制改革和政策先行先试的创新特区，积极打造国家高新区“升级版”。

	　　战略布局：加快推进中西部地区省级高新区升级，支持在农业科技产业优势突出的地区创建国家高新区，推动国家高新区在全国大部分地级市布局。统筹中央改革部署与地方改革需求，鼓励支持若干创新成果多、体制基础好、转型走在前等有条件的区域，依托国家高新区积极建设国家自创区，进一步优化完善国家自创区区域布局。

	　　发展原则：坚持创新发展，坚持协调发展，坚持绿色发展，坚持开放发展，坚持市场导向，坚持分类指导。

	　　发展目标：到“十三五”末，国家自创区建设成为构筑国家先发优势的示范样板，国家高新区数量达到240家左右。实现“四个率先”：率先形成有利于“大众创业、万众创新”的创新创业生态和高效率的创新体系；率先形成具有全球竞争力的创新型产业格局；率先形成绿色协调发展的科技产业新城区；率先形成开放共享、深度融入全球经济体系的发展平台。

	　　3.《规划》的重点任务是哪些？

	　　一是“提升自主创新能力”。持续集聚高端研发创新资源，吸引和布局一批高水平创新资源和平台，加快在战略必争领域实施重大科技创新工程，力争取得重大颠覆性创新和群体性技术突破。强化企业创新主体地位，深化企业主导的产学研合作。鼓励建设新型产业技术创新组织。加强知识产权创造、保护和运用。支持构建各具特色的区域创新发展格局，打造若干区域创新高地。

	　　二是“优化创业孵化链条”。大力发展市场化、专业化、集成化、网络化的众创空间和专业化众创空间。鼓励发展多种类型的创新型孵化器，形成一批创业生态社区。优化加速服务机制，引导加速器服务向个性化、定制化、精准化、柔性化方向创新。支持举办各类创业活动，加强新闻宣传和舆论引导，营造创新创业文化氛围。

	　　三是“集聚创新型人才”。依托各级人才计划，着力引进一批从事国际前沿研究、带动新兴学科发展的杰出科学家、顶尖科技人才和创业团队，推动跨区域创业者、技术移民、企业家等来国家高新区创新创业。大力支持以大学生等90后年轻创业者、大企业高管及连续创业者、科技人员创业者、留学归国创业者为代表的创业“新四军”发展壮大。加强创新人才、企业家、产业技能人才培育。创新人才激励、评价、流动、服务等机制，优化人才发展环境。

	　　四是“培育壮大市场主体”。支持创业企业发展，推动符合条件的科技企业申报高新技术企业。实施“瞪羚企业”培育计划，加强对独角兽企业的研究与跟踪，出台专项政策，发现和培育瞪羚、独角兽企业。积极培育一批有市场竞争力的平台企业，鼓励国家高新区龙头企业平台化转型，构建大企业创新创业生态圈。

	　　五是“完善科技金融服务”。大力发展天使投资，引导更多社会资本加大对种子期、初创期科技企业的投入。集聚多元化科技金融服务机构，支持科技企业发起设立民营银行、消费金融公司、融资担保公司等。设立产业发展专项基金，引导社会资本投向新兴产业领域。鼓励金融机构开展产品和服务创新，支持科技型企业通过多层次资本市场体系实现改制、挂牌、上市融资，拓展科技型企业融资渠道。支持建立科技企业信用体系。

	　　六是“构建创新型产业体系”。优化产业结构，推动优势和战略产业快速发展；聚焦尖端产业领域，加强关键核心技术突破和应用；培育一批在全球具有先发优势的原创新兴业态；发展壮大生产性服务业，大力发展科技服务业。实施“互联网+”行动计划，加快存量经济优化升级。对接“中国制造2025”，推进制造业提质增效。创新产业组织方式，推动产业集群向产业生态升级。

	　　七是“加快建设科技产业新城区”。深化高新区产城融合协调发展，加强信息化基础设施建设，完善城市功能配套，推进土地节约集约利用，推动高新区创造适合各类创新创业人群交际、交流、交往的新型空间，建设智慧、绿色、集约、宜居园区。

	     八是“扩大全球链接辐射”。加大国家高新区、自创区辐射带动作用，深化与当地区域经济、科技一体化发展，扩大辐射共享范围。链接全球创新高地，持续集聚全球高端创新资源，积极参与国际科技合作与竞争，鼓励各类主体“走出去”，融入全球创新网络。支持高新区围绕“一带一路”推进跨境产业链布局，共建海外科技园，加强国际辐射，推进中国“软实力”输出。发展市场化、社会化国际组织，建立与国际接轨的制度、服务与文化环境。

	　　九是“深化体制机制改革”。加快落实推广中关村先行先试政策，持续深化科技成果转化、创新创业人才、科技金融等领域改革。优化国家高新区管理体制，培育和发展社会组织，建立健全智库参与的决策咨询制度。支持城市群国家自创区探索更有利于促进区域协调发展的管理模式。 

	来源：科技部 
附件下载 《国家高新技术产业开发区“十三五”发展规划》
			   "
5b98efbc28fe72bfc50506ba, 2017-01-19,《国家重点研发计划重点专项项目预算编报指南》解读,"
			  
	　　为落实《关于改进加强中央财政科研项目和资金管理的若干意见》（国发〔2014〕11号，以下简称11号文）、《关于进一步完善中央财政科研项目资金管理等政策的若干意见》(以下简称50号文）、《国家重点研发计划资金管理办法》（财科教〔2016〕113号，以下简称《办法》）等文件精神，规范国家重点研发计划项目预算申报工作，使科研单位和科研人员能够更好地理解项目预算申报要求，避免政策在执行过程中走样变形，我们制订了《国家重点研发计划项目预算编报指南》（以下简称《预算编报指南》）。现将《预算编报指南》的有关情况说明如下：

	　　 一、《预算编报指南》的制订原则

	　　《预算编报指南》是以原“973”计划、“863”计划、国家科技支撑计划等申报使用的《国家科技计划项目概算和课题预算编报指南》（国科发财字〔2007〕241号）和2016年重点研发计划项目预算编制要求（以上统称“原预算编报指南”）为基础，全面梳理了新的改革要求以及预算编报过程中的常见问题，在制订起草过程中重点体现了以下原则：

	　　一是坚持细化实化政策的原则。根据国家科研项目资金管理政策的改革精神，在劳务费支出范围、间接费用分配、差旅会议费管理权限等方面，对11号文、50号文和《办法》的有关规定作出细化说明和解释。

	　　二是坚持问题导向的原则。聚焦科技界反映原预算编报要求“过细”的问题，按照新的改革要求，进一步简化预算说明有关内容，调整和完善预算申报书和预算表；针对科研人员反映具体预算支出中的“热点”问题，如科考活动中的车辆租赁费、计算机机时费、项目（课题）结题财务审计费、临床试验费等，予以详细解释。

	　　三是更加契合科研实际需要的原则。通过对预算科目支出内容解释和例举，强调预算支出应与项目（课题）任务目标密切相关，体现“让经费为人的创造性活动服务”的原则。

	　　另外，考虑到重点研发计划处于初步实施阶段，随着各项任务的深入开展，在预算支出内容和资金管理方面还可能出现新情况、新问题，预算支出具体内容将会随之做适当调整，今后还会对《预算编报指南》进行动态调整，以更好地适应新的变化和要求。

	　　二、预算编报要求的主要变化

	　　《预算编报指南》由正文和附件两部分组成，其中正文由“第一节 项目（课题）预算的概述”、“第二节 项目（课题）预算的政策依据和编报原则、总体要求”、“第三节 课题预算说明的主要内容”、“第四节 项目预算申报材料上报要求”等四节构成，2个附件为“《国家重点研发计划项目预算申报书》（以下简称《预算申报书》）”和“《国家重点研发计划项目预算申报书》填表说明”。

	　　（一）进一步简化了预算编报要求，减轻预算编制负担。

	　　1、《预算编报指南》只要求对单位支撑条件和课题预算支出情况进行说明，取消了对单位经费安排和其他来源经费情况的说明，进一步精简说明。

	　　2、《预算编报指南》只要求对项目（课题）资金的主要预算支出进行说明，如购买主要材料、主要测试化验加工项目的费用，以及项目聘用研究人员或访问学者的劳务费等，对非主要支出简要说明。

	　　考虑重点研发计划项目（课题）资金体量较大等因素，《预算编报指南》将购置/试制设备、材料、测试化验加工、出版/文献/信息传播/知识产权事务费等需逐项说明的范围统一提高至10万元（含）以上，进一步精简说明。

	　　3、对于有配套资金要求的，不再要求单位在申请预算时提供配套资金来源证明文件，而是在签订正式任务书时作为附件，进一步简化预算申报手续。

	　　（二）进一步明确了项目（课题）的实施主体，首次要求对关联关系予以披露。

	　　1、在以往科技计划项目（课题）实施过程中，常出现申报主体与实施主体不一致问题，比如大学与其附属医院之间，集团公司或母公司与其全资或控制子公司之间，科研院与其下属的研究所之间，为此，《预算编报指南》明确了单位应按照“谁申报项目（课题）、谁承担研究任务、谁管理使用资金”的原则申报，避免上级单位与下级法人单位之间随意转拨资金的问题。

	　　2、为保证利益关联关系信息披露的充分性和满足实施过程管理的要求，项目牵头承担单位、课题承担单位和课题参与单位之间，以及项目负责人或课题负责人与课题参与单位存在利益关联关系的，《预算编报指南》明确了项目牵头承担单位应了解相关利益关联方的情况，利益相关方应对关联关系提前进行申明。

	　　（三）进一步明确了不同来源资金的管理要求，预算科目编制更有针对性。

	　　根据《办法》的规定，《预算编报指南》主要是规范中央财政安排的采用前补助支持方式的国家重点研发计划资金（以下简称重点研发计划资金），其他来源资金应当按照国家有关会计制度和相关资金提供方的具体要求编列，如果地方财政资金、单位自有资金或其他资金对于劳务费、间接费用等的支出范围和支出标准有具体要求的，从其要求。

	　　三、预算科目的主要内容解释

	　　《预算编报指南》正文的“第三节 课题预算说明的主要内容”对重点研发计划资金支出内容和范围按预算科目进行了详细说明，相关预算科目中的一些主要变化和重要内容体现如下。

	　　（一）设备费

	　　1、将设备改造费作为重要支出内容单列出来。在项目（课题）实施过程中，单位可能会对现有设备进行局部改造以改善提升其性能，也可能因相关设备发生损坏而需进行维修，以及因安装使用新设备而需对实验室的基础条件进行适当的改造，为此，《预算编报指南》将设备改造费作为设备费中的一项重要支出内容单列出来，并对其支出内容及编制方法进行了解释。

	　　2、考虑到项目（课题）实施过程中的特殊情况，解释和明确了试制设备费和交通工具租赁费的编列问题。试制的设备有可能是项目（课题）任务完成的最终目标产品，也可能是项目（课题）实施的过程产品，为此，《预算编报指南》专门介绍了因试制设备目的不同而应采用的不同预算编列方法；一些存在科学考察、野外实验、野外勘探任务的项目（课题），与科考活动相关的车、船、航空器等交通工具的租赁费，《预算编报指南》明确了可在设备租赁费科目中编列。   

	　　3 、明确了不应编列的费用支出。如属于单位自身支撑条件应具备的专用仪器设备购置费；单位自有仪器设备的使用费；生产性设备的购置费和基建设施的建造费等。

	　　（二）材料费

	　　1、对主要材料的概念进行了明确定义。《预算编报指南》通过举例，如新材料领域课题研发中使用的聚氨酯、农业领域课题研发中使用的尿素、先进制造领域课题研发中使用的锰钢等，单一材料预算合计达到10万元（含）即为主要材料。

	　　2、解释了材料运输、装卸、整理等费用的内容，说明了备品、备件购买方式不同而采用的不同预算编列方法。

	　　3、明确了不应编列的费用支出。考虑到重点研发计划资金重点支持项目（课题）的研发活动，不应在重点研发计划资金预算中编列用于生产经营和基本建设的材料费用。

	　　（三）测试化验加工费

	　　1、明确了承接测试化验加工业务的单位所具备的资质或相应能力的要求；强调了与外单位如果存在利益关联情况的披露要求；明确了软件测试费、数据加工整理费、大型计算机机时费的编列问题。

	　　2、详细解释了内部独立经济核算单位的概念和其发生测试化验加工费管理要求。《预算编报指南》通过举例，如大学内部的计算中心，科研院所内部的测试中心、检验中心，企业内部的加工中心，医院内部的检验科等，解释了内部独立经济核算单位是在统一会计制度控制下单位内部实行独立经济核算的机构或部门；明确其支出应按实际成本或内部结算价格进行结算，结算手续应符合其内部委托、内部结算有关规定。

	　　3、应由单位自己完成的任务不能以测试化验加工方式外包，其发生的相关费用，如材料费、燃料动力费、劳务费等，应在相应科目编列。

	　　（四）燃料动力费

	　　1、明确了无法单独装表计量的仪器设备发生燃料动力费的预算编列方法。考虑到在项目（课题）实施中，大部分仪器设备或科学装置的燃料动力费难以单独装表计量，《预算编报指南》介绍了可以按照仪器设备或装置预计使用时间和相关参数进行测算，也可以按照单位自己确定的合理分摊依据进行测算。

	　　2、因科考任务而发生的车、船、航空器的燃油费用，可在本科目编列。

	　　3、明确了不应编列的费用支出。因重点研发计划资金的间接费用已经涵盖了单位为项目（课题）实施提供的房屋占用，日常水、电、气、暖消耗等，为避免重复列支，单位的日常水、电、气、暖消耗等费用应由间接费用解决。

	　　（五）出版/文献/信息传播/知识产权事务费

	　　1、进一步解释了出版费、资料费和其他知识产权事务费用的预算内容。

	　　2、明确了专利维护费预算的问题。因专利属于单位的无形资产，专利维护费用一般应由单位自有资金解决，但考虑到为完成项目（课题）研究任务而获得的专利与项目（课题）相关，对于该专利在实施周期内的专利维护费允许在重点研发计划资金预算中编列。

	　　3、应由单位自己完成的软件开发任务，不能以定制软件的方式外包，其软件开发的费用，如材料费、燃料动力费、劳务费、专家咨询费等，应在相应科目编列。

	　　4、明确了不应编列的费用支出。因通用性操作系统、办公软件等属于非专用软件，也是单位应提供的支撑条件，对于日常手机和办公固定电话的通讯费、日常办公网络费和电话充值卡费用等属于管理费用，应通过间接费用解决。

	　　（六）会议/差旅/国际合作交流费

	　　1、强调了会议/差旅/国际合作交流不超过直接费用10%的，不需要对预算内容和资金安排进行说明，更不需要提供测算依据。

	　　2、对于会议/差旅/国际合作交流费超过直接费用10%的，要求单位对会议费、差旅费“分类”测算即可。会议费可按照学术交流研讨、咨询座谈、验收等类型，差旅费可按照科学实验/试验、科学考察、业务调研、学术交流等类型进行测算，无需对每次会议、每一次出差事项做单独的测算和说明，以简化预算编制要求。另外，对于使用重点研发计划资金编列会议费、差旅费标准的问题，中央高校、科研院所应按照其内部制定的会议费和差旅费管理办法进行测算，并提供管理办法作为附件；中央高校、科研院所以外的科研单位参照国家关于会议费和差旅费的相关开支标准进行测算。

	　　3、将外国专家住宿费、差旅费的管理权限下放给单位。由于项目（课题）邀请外国专家来华开展技术交流、培训等情况不同，《预算编报指南》将其来华工作期间发生的住宿费、差旅费等管理权限下放给单位，并明确应参考国内同行专家费用标准编列预算。

	　　（七）劳务费

	　　1、再次重申了“劳务费预算不设比例限制”，并在开支范围中增加了科研辅助人员、访问学者、博士后等人员的相关费用。

	　　2、介绍了项目（课题）聘用的研究人员及科研辅助人员劳务费开支标准。为适当统一不同类型人员发放劳务费的标准，可参考国家统计局上一年度发布的《中国统计年鉴》中关于从事“科学研究和技术服务业”相关地区城镇单位人员平均工资统计数据；对于研究生、博士后等人员的劳务费，应结合本地区和本领域科研单位的研究生、博士后的平均科研劳务水平据实测算。

	　　3、提出了访问学者、项目（课题）聘用研究人员的管理原则。为完善对访问学者和项目（课题）聘用研究人员劳务费管理，《预算编报指南》要求单位有健全的劳务费管理办法，项目（课题）聘用研究人员需通过劳务派遣方式或者签订劳动合同、聘用协议等方式聘用；课题组成员不得以访问学者名义在项目下各课题中编列劳务费；劳务费的发放应符合本单位统一的薪酬体系规定，不得重复发放。

	　　4、明确了劳务费开支范围以外的人员不应编列劳务费的要求。因重点研发计划资金是对单位项目（课题）实施的补助，对于劳务费开支范围以外、不是为项目（课题）实施专门聘用的研究人员，如在项目（课题）立项前已签订劳动合同的人员，以及事业单位的在编人员，《预算编报指南》明确上述人员不应在重点研发计划资金的劳务费中编列，其相关费用可在项目（课题）间接费用的绩效支出中列支。

	　　（八）专家咨询费

	　　1、应由单位代扣代缴个人所得税的预算可以编列。对于科研单位反映专家个人所得税的问题，明确了应由单位代扣代缴个人所得税，并可将个人所得税在本科目预算中一并编列。

	　　2、强调了专家咨询费不得支付给参与项目（课题）研究及其管理的相关人员。

	　　（九）其他支出

	　　1、对其他支出的支出范围进行了解释。《预算编报指南》以例举“财务验收审计费用”、“ 在农业、林业等领域发生的土地租赁费及青苗补偿费”、“ 在人口与健康领域发生的临床试验费”等方式，明确了在项目（课题）实施过程中必须发生但不包含在上述8个科目中的支出，可在其他支出中编列。

	　　2、对于列支的财务验收审计费用，应本着经济合理的原则进行编制，不得列支财务咨询业务发生的费用。

	　　（十）间接费用

	　　明确提出课题间接费用无需编制预算说明，课题间接费用按照课题直接费用扣除设备购置费后，按规定的比例计算得出。

	来源：科技部

			   "
5b98efbc28fe72bfc50506bb, 2017-02-06,省科学技术厅关于印发《江苏省科技成果登记实施方案》的通知,"
			  附件下载 省科学技术厅关于印发《江苏省科技成果登记实施方案》的通知
			   "
5b98efbc28fe72bfc50506bc, 2017-01-09,科技部关于印发《国家重点研发计划资金管理办法》配套实施细则的通知,"
			  
	国科发资〔2017〕261号

	各省、自治区、直辖市及计划单列市科技厅（委、局），新疆生产建设兵团科技局，国务院有关部委、有关直属机构，有关单位：

	　　为保障国家重点研发计划的组织实施，规范国家重点研发计划资金的预算编制和评估，根据《财政部 科技部关于印发<国家重点研发计划资金管理办法>的通知》（财科教〔2016〕113号），以及国家有关财经法规和财务管理制度，我们制定了《国家重点研发计划重点专项项目预算编报指南》和《国家重点研发计划重点专项项目预算评估规范》，现印发给你们，请遵照执行。

	 

	科 技 部

	2017年8月29日

	 
附件下载 1.XXXX年度国家重点研发计划XXXX重点专项项目预算评估工作约定书 2.XXXX年度国家重点研发计划XXXX重点专项项目预算评估信息保密协议 3.XXXX年度国家重点研发计划XXXX重点专项项目预算评估工作方案 国家重点研发计划重点专项项目预算编报指南
			   "
5b98efbc28fe72bfc50506bd, 2017-01-19,财政部 科技部 国资委关于《国有科技型企业股权和分红激励暂行办法》的问题解答,"
			  
	　　详见附件。
附件下载 附件：财政部 科技部 国资委关于《国有科技型企业股权和分红激励暂行办法》的问题解答
			   "
5b98efbc28fe72bfc50506be, 2017-01-19,关于《国家税务总局关于研发费用税前加计扣除归集范围有关问题的公告》的解读,"
			  
	　　一、公告出台背景

	　　为进一步做好研发费用税前加计扣除优惠政策的贯彻落实工作，切实解决政策落实过程中存在的问题，根据《财政部 国家税务总局 科技部关于完善研究开发费用税前加计扣除政策的通知》（财税〔2015〕119号）及《国家税务总局关于企业研究开发费用税前加计扣除政策有关问题的公告》（国家税务总局公告2015年第97号，以下简称“97号公告”）等文件的规定，制定本公告。

	　　二、公告的主要内容

	　　本公告聚焦研发费用归集范围，在现行规定基础上，结合实际执行情况，完善和明确了部分研发费用掌握口径，在体例上适度体现系统性与完整性。

	　　（一）细化人员人工费用口径

	　　保留97号公告有关直接从事研发活动人员范围的界定和从事多种活动的人员人工费用准确进行归集要求，增加了劳务派遣和股权激励相关内容。

	　　1.适当拓宽外聘研发人员范围。《国家税务总局关于企业工资薪金和职工福利费等支出税前扣除问题的公告》（国家税务总局公告2015年第34号）将劳务派遣分为两种形式，并分别适用不同的税前扣除规定：一种是按照协议（合同）约定直接支付给劳务派遣公司的费用作为劳务费支出在税前扣除，另一种是直接支付给员工个人的费用作为工资薪金和职工福利费支出在税前扣除。在97号公告规定的框架下，直接支付给员工个人的工资薪金属于人员人工费用范围，可以加计扣除。而直接支付给劳务派遣公司的费用，各地理解和执行不一。考虑到直接支付给员工个人和支付给劳务派遣公司，仅是支付方式不同，并未改变企业劳务派遣用工的实质，为体现税收公平，公告明确外聘研发人员包括与劳务派遣公司签订劳务用工协议（合同）的形式，将按照协议（合同）约定直接支付给劳务派遣公司，且由劳务派遣公司实际支付给研发人员的工资薪金等，纳入加计扣除范围。

	　　2.明确对研发人员的股权激励支出可以加计扣除。由于股权激励支付方式的特殊性，对其能否作为加计扣除的基数有不同理解。鉴于《国家税务总局关于我国居民企业实行股权激励计划有关企业所得税处理问题的公告》（国家税务总局公告2012年第18号）已明确符合条件的股权激励支出可以作为工资薪金在税前扣除，为调动和激发研发人员的积极性，公告明确工资薪金包括按规定可以在税前扣除的对研发人员股权激励的支出，即符合条件的对研发人员股权激励支出属于可加计扣除范围。需要强调的是享受加计扣除的股权激励支出需要符合国家税务总局公告2012年第18号规定的条件。

	　　（二）细化直接投入费用口径

	　　保留97号公告有关直接投入费用口径和多用途的仪器、设备租赁费的归集要求，细化研发费用中对应的材料费用不得加计扣除的管理规定，进一步明确材料费用跨年度事项的处理方法。

	　　97号公告规定企业研发活动直接形成产品或作为组成部分形成的产品对外销售的，研发费用中对应的材料费用不得加计扣除。但实际执行中，材料费用实际发生和产品对外销售往往不在同一个年度，如追溯到材料费用实际发生年度，需要修改以前年度纳税申报。为方便纳税人操作，公告明确产品销售与对应的材料费用发生在不同纳税年度且材料费用已计入研发费用的，应在销售当年以对应的材料费用发生额直接冲减当年的研发费用，不足冲减的，结转以后年度继续冲减。

	　　（三）细化折旧费用口径

	　　保留97号公告有关仪器、设备的折旧费口径和多用途仪器、设备折旧费用归集要求，进一步调整加速折旧费用的归集方法。

	　　97号公告明确加速折旧费用享受加计扣除政策的原则为会计、税收折旧孰小。该计算方法较为复杂，不易准确掌握。为提高政策的可操作性，公告将加速折旧费用的归集方法调整为就税前扣除的折旧部分计算加计扣除。

	　　97号公告解读中曾举例说明计算方法：甲汽车制造企业2015年12月购入并投入使用一专门用于研发活动的设备，单位价值1200万元，会计处理按8年折旧，税法上规定的最低折旧年限为10年，不考虑残值。甲企业对该项设备选择缩短折旧年限的加速折旧方式，折旧年限缩短为6年（10×60%=6）。2016年企业会计处理计提折旧额150万元（1200/8=150），税收上因享受加速折旧优惠可以扣除的折旧额是200万元（1200/6=200），申报研发费用加计扣除时，就其会计处理的“仪器、设备的折旧费”150万元可以进行加计扣除75万元（150×50%=75）。若该设备8年内用途未发生变化，每年均符合加计扣除政策规定，则企业8年内每年均可对其会计处理的“仪器、设备的折旧费”150万元进行加计扣除75万元。如企业会计处理按4年进行折旧，其他情形不变，则2016年企业会计处理计提折旧额300万元（1200/4=300），税收上因享受加速折旧优惠可以扣除的折旧额是200万元（1200/6=200），申报享受研发费用加计扣除时，对其在实际会计处理上已确认的“仪器、设备的折旧费”，但未超过税法规定的税前扣除金额200万元可以进行加计扣除100万元（200×50%=100）。若该设备6年内用途未发生变化，每年均符合加计扣除政策规定，则企业6年内每年均可对其会计处理的“仪器、设备的折旧费”200万元进行加计扣除100万元。

	　　结合上述例子，按本公告口径申报研发费用加计扣除时，若该设备6年内用途未发生变化，每年均符合加计扣除政策规定，则企业在6年内每年直接就其税前扣除“仪器、设备折旧费”200万元进行加计扣除100万元（200×50%=100），不需比较会计、税收折旧孰小，也不需要根据会计折旧年限的变化而调整享受加计扣除的金额，计算方法大为简化。

	　　（四）细化无形资产摊销口径

	　　保留97号公告有关无形资产摊销费用口径和多用途摊销费用的归集要求，进一步调整摊销费用的归集方法。

	　　明确加速摊销的归集方法。《财政部 国家税务总局关于进一步鼓励软件产业和集成电路产业发展企业所得税政策的通知》（财税〔2012〕27号）明确企业外购的软件作为无形资产管理的可以适当缩短摊销年限。为提高政策的确定性，本公告明确了无形资产缩短摊销年限的折旧归集方法，与固定资产加速折旧的归集方法保持一致，就税前扣除的摊销部分计算加计扣除。

	　　（五）明确新产品设计费、新工艺规程制定费、新药研制的临床试验费和勘探开发技术的现场试验费口径

	　　此类费用是指企业在新产品设计、新工艺规程制定、新药研制的临床试验、勘探开发技术的现场试验过程中发生的全部费用，即，包括与开展此类活动有关的各类费用。

	　　（六）细化其他相关费用口径

	　　保留97号公告有关其他相关费用口径等内容，适度拓展其他相关费用范围。

	　　明确其他相关费用的范围。除财税〔2015〕119号列举的其他相关费用类型外，其他类型的费用能否作为其他相关费用，计算扣除限额后加计扣除，政策一直未明确，各地也执行不一。为提高政策的确定性，同时考虑到人才是创新驱动战略关键因素，公告在财税〔2015〕119号列举的费用基础上，明确其他相关费用还包括职工福利费、补充养老保险费、补充医疗保险费，以进一步激发研发人员的积极性，推动开展研发活动。

	　　（七）明确其他政策口径

	　　1.明确取得的政府补助后计算加计扣除金额的口径。近期，财政部修订了《企业会计准则第16号——政府补助》。与原准则相比，修订后的准则在总额法的基础上，新增了净额法，将政府补助作为相关成本费用扣减。按照企业所得税法的规定，企业取得的政府补助应确认为收入，计入收入总额。净额法产生了税会差异。企业在税收上将政府补助确认为应税收入，同时增加研发费用，加计扣除应以税前扣除的研发费用为基数。但企业未进行相应调整的，税前扣除的研发费用与会计的扣除金额相同，应以会计上冲减后的余额计算加计扣除金额。比如，某企业当年发生研发支出200万元，取得政府补助50万元，当年会计上的研发费用为150万元，未进行相应的纳税调整，则税前加计扣除金额为150×50%=75万元。

	　　2.明确下脚料、残次品、中间试制品等特殊收入冲减研发费用的时点。97号公告明确了特殊收入冲减的条款，但未明确在确认特殊收入与研发费用发生可能不在同一年度的处理问题。本着简便、易操作的原则，公告明确在确认收入当年冲减，便于纳税人准确执行政策。

	　　3.明确研发费用资本化的时点。税收上对研发费用资本化的时点没有明确规定，因此，公告明确企业开展研发活动中实际发生的研发费用形成无形资产的，其开始资本化的时点与会计处理保持一致。

	　　4.明确失败的研发活动所发生的研发费用可享受加计扣除政策。出于以下两点考虑，公告明确失败的研发活动所发生的研发费用可享受加计扣除政策：一是企业的研发活动具有一定的风险和不可预测性，既可能成功也可能失败，政策是对研发活动予以鼓励，并非单纯强调结果；二是失败的研发活动也并不是毫无价值的，在一般情况下的“失败”是指没有取得预期的结果，但可以积累经验，取得其他有价值的成果。

	　　5.明确委托研发加计扣除口径。一是明确加计扣除的金额。财税〔2015〕119号要求委托方与受托方存在关联关系的，受托方应向委托方提供研发项目费用支出明细情况。实际执行中往往将提供研发费用支出明细情况理解为委托关联方研发的需执行不同的加计扣除政策，导致各地理解和执行不一。依据政策本意，提供研发支出明细情况的目的是为了判断关联方交易是否符合独立交易原则。因此委托关联方和委托非关联方开展研发活动，其加计扣除的口径是一致的。为避免歧义，公告在保证委托研发加计扣除的口径不变的前提下，对97号公告的表述进行了解释，即：97号公告第三条所称“研发活动发生费用”是指委托方实际支付给受托方的费用。二是明确委托方享受加计扣除优惠的权益不得转移给受托方。财税〔2015〕119号已明确了委托研发发生的费用由委托方加计扣除，受托方不得加计扣除。此为委托研发加计扣除的原则，不管委托方是否享受优惠，受托方均不得享受优惠。公告对此口径进行了明确。三是明确研发费用支出明细情况涵盖的费用范围。由于对政策口径的理解不一，导致对研发费用支出明细涵盖的费用范围的理解也不一致，诸如受托方实际发生的费用、受托方发生的属于可加计扣除范围的费用等口径。在充分考虑研发费用支出明细情况的目的和受托方的执行成本等因素后，公告将研发费用支出明细情况明确为受托方实际发生的费用情况。比如，A企业2017年委托其B关联企业研发，假设该研发符合研发费用加计扣除的相关条件。A企业支付给B企业100万元。B企业实际发生费用90万元（其中按可加计扣除口径归集的费用为85万元），利润10万元。2017年，A企业可加计扣除的金额为100×80%×50%=40万元，B企业应向A企业提供实际发生费用90万元的明细情况。

	　　三、明确执行时间和适用对象

	　　在执行时间上，公告适用于2017年度及以后年度汇算清缴。本着保护纳税人权益、降低税务风险的考虑，明确对以前年度已经进行税务处理的，均不再调整。财税〔2015〕119号文件中明确了研发费用加计扣除政策可以追溯享受。由于本公告放宽了部分政策口径，本着有利追溯的原则，对企业涉及追溯享受情形的，也可以按照本公告规定执行。从适用对象上讲，科技型中小企业研发费用加计扣除事项也应适用本公告。

			   "
5b98efbc28fe72bfc50506bf, 2017-01-04,市政府印发关于实施创新发展十项重点工程的通知,"
			  附件下载 市政府印发关于实施创新发展十项重点工程的通知
			   "
5b98efbc28fe72bfc50506c0, 2017-01-09,国家科学技术奖励条例,"
			  
	　　（1999年5月23日中华人民共和国国务院令第265号发布，根据2003年12月20日国务院令第396号《国务院关于修改<国家科学技术奖励条例>的决定》第一次修订, 根据2013年7月18日国务院令第638号《国务院关于废止和修改部分行政法规的决定》第二次修订）

	　　

	　　第一章 总 则

	 

	　　第一条 为了奖励在科学技术进步活动中做出突出贡献的公民、组织，调动科学技术工作者的积极性和创造性，加速科学技术事业的发展，提高综合国力，制定本条例。

	 

	　　第二条 国务院设立下列国家科学技术奖： 

	　　（一）国家最高科学技术奖； 

	　　（二）国家自然科学奖； 

	　　（三）国家技术发明奖； 

	　　（四）国家科学技术进步奖； 

	　　（五）中华人民共和国国际科学技术合作奖。

	 

	　　第三条 国家科学技术奖励贯彻尊重知识、尊重人才的方针。

	 

	　　第四条 国家维护国家科学技术奖的严肃性。 

	 

	　　国家科学技术奖的评审、授予，不受任何组织或者个人的非法干涉。

	 

	　　第五条 国务院科学技术行政部门负责国家科学技术奖评审的组织工作。

	 

	　　第六条 国家设立国家科学技术奖励委员会，国家科学技术奖励委员会聘请有关方面的专家、学者组成评审委员会，依照本条例的规定，负责国家科学技术奖的评审工作。 

	    国家科学技术奖励委员会的组成人员人选由国务院科学技术行政部门提出，报国务院批准。

	 

	    第七条 社会力量设立的面向社会的科学技术奖，在奖励活动中不得收取任何费用。

	 

	 

	　　第二章 国家科学技术奖的设置

	 

	　　第八条 国家最高科学技术奖授予下列科学技术工作者： 

	    （一）在当代科学技术前沿取得重大突破或者在科学技术发展中有卓越建树的； 

	    （二）在科学技术创新、科学技术成果转化和高技术产业化中，创造巨大经济效益或者社会效益的。 

	    国家最高科学技术奖每年授予人数不超过2名。

	 

	　　第九条 国家自然科学奖授予在基础研究和应用基础研究中阐明自然现象、特征和规律，做出重大科学发现的公民。 

	　　前款所称重大科学发现，应当具备下列条件： 

	　　（一）前人尚未发现或者尚未阐明； 

	　　（二）具有重大科学价值； 

	　　（三）得到国内外自然科学界公认。

	 

	　　第十条 国家技术发明奖授予运用科学技术知识做出产品、工艺、材料及其系统等重大技术发明的公民。 

	    前款所称重大技术发明，应当具备下列条件： 

	　　（一）前人尚未发明或者尚未公开； 

	　　（二）具有先进性和创造性； 

	　　（三）经实施，创造显著经济效益或者社会效益。

	 

	　　第十一条 国家科学技术进步奖授予在应用推广先进科学技术成果，完成重大科学技术工程、计划、项目等方面，做出突出贡献的下列公民、组织： 

	　　（一）在实施技术开发项目中，完成重大科学技术创新、科学技术成果转化，创造显著经济效益的； 

	　　（二）在实施社会公益项目中，长期从事科学技术基础性工作和社会公益性科学技术事业，经过实践检验，创造显著社会效益的； 

	　　（三）在实施国家安全项目中，为推进国防现代化建设、保障国家安全做出重大科学技术贡献的； 

	　　（四）在实施重大工程项目中，保障工程达到国际先进水平的。 

	　　前款第（四）项重大工程类项目的国家科学技术进步奖仅授予组织。

	 

	　　第十二条 中华人民共和国国际科学技术合作奖授予对中国科学技术事业做出重要贡献的下列外国人或者外国组织： 

	　　（一）同中国的公民或者组织合作研究、开发，取得重大科学技术成果的； 

	    （二）向中国的公民或者组织传授先进科学技术、培养人才，成效特别显著的； 

	    （三）为促进中国与外国的国际科学技术交流与合作，做出重要贡献的。

	 

	    第十三条 国家最高科学技术奖、中华人民共和国国际科学技术合作奖不分等级。 

	    国家自然科学奖、国家技术发明奖、国家科学技术进步奖分为一等奖、二等奖2个等级；对做出特别重大科学发现或者技术发明的公民，对完成具有特别重大意义的科学技术工程、计划、项目等做出突出贡献的公民、组织，可以授予特等奖。 

	    国家自然科学奖、国家技术发明奖、国家科学技术进步奖每年奖励项目总数不超过400项。

	 

	 

	　　第三章 国家科学技术奖的评审和授予

	 

	　　第十四条 国家科学技术奖每年评审一次。

	 

	　　第十五条 国家科学技术奖候选人由下列单位和个人推荐： 

	　　（一）省、自治区、直辖市人民政府； 

	　　（二）国务院有关组成部门、直属机构； 

	　　（三）中国人民解放军各总部； 

	　　（四）经国务院科学技术行政部门认定的符合国务院科学技术行政部门规定的资格条件的其他单位和科学技术专家。 

	　　前款所列推荐单位推荐的国家科学技术奖候选人，应当根据有关方面的科学技术专家对其科学技术成果的评审结论和奖励种类、等级的建议确定。 

	　　香港、澳门、台湾地区的国家科学技术奖候选人的推荐办法，由国务院科学技术行政部门规定。 

	　　中华人民共和国驻外使馆、领馆可以推荐中华人民共和国国际科学技术合作奖的候选人。

	　

	　　第十六条 推荐的单位和个人限额推荐国家科学技术奖候选人；推荐时，应当填写统一格式的推荐书，提供真实、可靠的评价材料。

	 

	　　第十七条 评审委员会作出认定科学技术成果的结论，并向国家科学技术奖励委员会提出获奖人选和奖励种类及等级的建议。 

	　　国家科学技术奖励委员会根据评审委员会的建议，作出获奖人选和奖励种类及等级的决议。 

	　　国家科学技术奖的评审规则由国务院科学技术行政部门规定。

	 

	　　第十八条 国务院科学技术行政部门对国家科学技术奖励委员会作出的国家科学技术奖的获奖人选和奖励种类及等级的决议进行审核，报国务院批准。

	 

	　　第十九条 国家最高科学技术奖报请国家主席签署并颁发证书和奖金。 

	　　国家自然科学奖、国家技术发明奖、国家科学技术进步奖由国务院颁发证书和奖金。 

	　　中华人民共和国国际科学技术合作奖由国务院颁发证书。

	 

	　　第二十条 国家最高科学技术奖的奖金数额由国务院规定。 

	　　国家自然科学奖、国家技术发明奖、国家科学技术进步奖的奖金数额由国务院科学技术行政部门会同财政部门规定。 

	　　国家科学技术奖的奖励经费由中央财政列支。

	 

	 

	　　第四章 罚 则

	 

	　　第二十一条 剽窃、侵夺他人的发现、发明或者其他科学技术成果的，或者以其他不正当手段骗取国家科学技术奖的，由国务院科学技术行政部门报国务院批准后撤销奖励，追回奖金。

	 

	　　第二十二条 推荐的单位和个人提供虚假数据、材料，协助他人骗取国家科学技术奖的，由国务院科学技术行政部门通报批评；情节严重的，暂停或者取消其推荐资格；对负有直接责任的主管人员和其他直接责任人员，依法给予行政处分。

	 

	　　第二十三条 参与国家科学技术奖评审活动和有关工作的人员在评审活动中弄虚作假、徇私舞弊的，依法给予行政处分。

	 

	 

	　　第五章 附 则

	 

	　　第二十四条 国务院有关部门根据国防、国家安全的特殊情况，可以设立部级科学技术奖。具体办法由国务院有关部门规定，报国务院科学技术行政部门备案。 

	　　省、自治区、直辖市人民政府可以设立一项省级科学技术奖。具体办法由省、自治区、直辖市人民政府规定，报国务院科学技术行政部门备案。

	 

	　　第二十五条 本条例自公布之日起施行。1993年6月28日国务院修订发布的《中华人民共和国自然科学奖励条例》、《中华人民共和国发明奖励条例》和《中华人民共和国科学技术进步奖励条例》同时废止。

	 

			   "
5b98efbd28fe72bfc50506c1, 2017-01-19,财政部 科技部 国资委关于《国有科技型企业股权和分红激励暂行办法》的问题解答,"
			  
	　　详见附件。
附件下载 财政部 科技部 国资委关于《国有科技型企业股权和分红激励暂行办法》的问题解答
			   "
